,Unnamed: 0_level_0_Rk,Name,Unnamed: 2_level_0_Nation,Unnamed: 3_level_0_Pos,Unnamed: 4_level_0_Squad,Unnamed: 5_level_0_Age,Unnamed: 6_level_0_Born,Playing Time_MP,Playing Time_Starts,Playing Time_Min,Playing Time_90s,Performance_Gls,Performance_Ast,Performance_G+A,Performance_G-PK,Performance_PK,Performance_PKatt,Performance_CrdY,Performance_CrdR,Per 90 Minutes_Gls,Per 90 Minutes_Ast,Per 90 Minutes_G+A,Per 90 Minutes_G-PK,Per 90 Minutes_G+A-PK,Unnamed: 24_level_0_Matches
0,1,Max Aarons,eng ENG,DF,Norwich City,21,2000,34,32,2881,32.0,0,2,2,0,0,0,8,0,0.00,0.06,0.06,0.00,0.06,Matches
1,2,Che Adams,sct SCO,FW,Southampton,25,1996,30,23,2039,22.7,7,3,10,7,0,0,0,0,0.31,0.13,0.44,0.31,0.44,Matches
2,3,Rayan Aït-Nouri,dz ALG,MF,Wolves,20,2001,23,20,1828,20.3,1,2,3,1,0,0,4,0,0.05,0.10,0.15,0.05,0.15,Matches
3,4,Kristoffer Ajer,no NOR,DF,Brentford,23,1998,24,23,1995,22.2,1,3,4,1,0,0,5,0,0.05,0.14,0.18,0.05,0.18,Matches
4,5,Nathan Aké,nl NED,DF,Manchester City,26,1995,14,10,923,10.3,2,0,2,2,0,0,0,0,0.20,0.00,0.20,0.20,0.20,Matches
5,6,Marc Albrighton,eng ENG,"MF,FW",Leicester City,31,1989,17,11,1132,12.6,1,2,3,1,0,0,3,0,0.08,0.16,0.24,0.08,0.24,Matches
6,7,Thiago Alcántara,es ESP,MF,Liverpool,30,1991,25,17,1534,17.0,1,4,5,1,0,0,2,0,0.06,0.23,0.29,0.06,0.29,Matches
7,8,Trent Alexander-Arnold,eng ENG,DF,Liverpool,22,1998,32,32,2853,31.7,2,12,14,2,0,0,2,0,0.06,0.38,0.44,0.06,0.44,Matches
8,9,Alisson,br BRA,GK,Liverpool,28,1992,36,36,3240,36.0,0,1,1,0,0,0,0,0,0.00,0.03,0.03,0.00,0.03,Matches
9,10,Allan,br BRA,MF,Everton,30,1991,28,25,2183,24.3,0,2,2,0,0,0,7,1,0.00,0.08,0.08,0.00,0.08,Matches
10,11,Dele Alli,eng ENG,MF,Tottenham Hotspur,25,1996,10,8,657,7.3,1,0,1,0,1,1,1,0,0.14,0.00,0.14,0.00,0.00,Matches
11,12,Dele Alli,eng ENG,MF,Everton,25,1996,11,1,338,3.8,0,0,0,0,0,0,3,0,0.00,0.00,0.00,0.00,0.00,Matches
12,13,Miguel Almirón,py PAR,"MF,FW",Newcastle United,27,1994,30,19,1716,19.1,1,0,1,1,0,0,2,0,0.05,0.00,0.05,0.05,0.05,Matches
13,14,Marcos Alonso,es ESP,MF,Chelsea,30,1990,28,25,2167,24.1,4,4,8,4,0,0,8,0,0.17,0.17,0.33,0.17,0.33,Matches
14,15,Steven Alzate,co COL,MF,Brighton,22,1998,9,5,404,4.5,0,0,0,0,0,0,0,0,0.00,0.00,0.00,0.00,0.00,Matches
15,16,Daniel Amartey,gh GHA,DF,Leicester City,26,1994,28,23,2123,23.6,0,0,0,0,0,0,4,0,0.00,0.00,0.00,0.00,0.00,Matches
16,17,Joachim Andersen,dk DEN,DF,Crystal Palace,25,1996,34,32,2916,32.4,0,3,3,0,0,0,4,0,0.00,0.09,0.09,0.00,0.09,Matches
17,18,Michail Antonio,jm JAM,FW,West Ham United,31,1990,36,34,2971,33.0,10,8,18,10,0,1,8,1,0.30,0.24,0.55,0.30,0.55,Matches
18,19,Cameron Archer,eng ENG,"FW,MF",Aston Villa,20,2001,3,0,27,0.3,0,0,0,0,0,0,0,0,0.00,0.00,0.00,0.00,0.00,Matches
19,20,Alphonse Areola,fr FRA,GK,West Ham United,28,1993,1,1,90,1.0,0,0,0,0,0,0,0,0,0.00,0.00,0.00,0.00,0.00,Matches
20,21,Adam Armstrong,eng ENG,FW,Southampton,24,1997,23,17,1413,15.7,2,2,4,2,0,0,1,0,0.13,0.13,0.25,0.13,0.25,Matches
21,22,Stuart Armstrong,sct SCO,"MF,FW",Southampton,29,1992,25,15,1473,16.4,2,0,2,2,0,0,1,0,0.12,0.00,0.12,0.12,0.12,Matches
22,23,Kepa Arrizabalaga,es ESP,GK,Chelsea,26,1994,4,4,360,4.0,0,0,0,0,0,0,0,0,0.00,0.00,0.00,0.00,0.00,Matches
23,24,Harrison Ashby,sct SCO,DF,West Ham United,19,2001,1,0,7,0.1,0,0,0,0,0,0,0,0,0.00,0.00,0.00,0.00,0.00,Matches
24,25,Pierre-Emerick Aubameyang,ga GAB,FW,Arsenal,32,1989,14,12,1037,11.5,4,1,5,4,0,2,3,0,0.35,0.09,0.43,0.35,0.43,Matches
25,Rk,Player,Nation,Pos,Squad,Age,Born,MP,Starts,Min,90s,Gls,Ast,G+A,G-PK,PK,PKatt,CrdY,CrdR,Gls,Ast,G+A,G-PK,G+A-PK,Matches
26,26,Jordan Ayew,gh GHA,"FW,MF",Crystal Palace,29,1991,31,23,2019,22.4,3,3,6,3,0,0,2,0,0.13,0.13,0.27,0.13,0.27,Matches
27,27,Luke Ayling,eng ENG,DF,Leeds United,29,1991,26,26,2272,25.2,2,2,4,2,0,0,4,1,0.08,0.08,0.16,0.08,0.16,Matches
28,28,César Azpilicueta,es ESP,"DF,MF",Chelsea,31,1989,27,24,2070,23.0,1,2,3,1,0,0,3,0,0.04,0.09,0.13,0.04,0.13,Matches
29,29,Daniel Bachmann,at AUT,GK,Watford,27,1994,12,12,1080,12.0,0,0,0,0,0,0,0,0,0.00,0.00,0.00,0.00,0.00,Matches
30,30,Leon Bailey,jm JAM,"FW,MF",Aston Villa,23,1997,18,7,761,8.5,1,2,3,1,0,0,3,0,0.12,0.24,0.35,0.12,0.35,Matches
31,31,Eric Bailly,ci CIV,DF,Manchester Utd,27,1994,4,3,217,2.4,0,0,0,0,0,0,1,0,0.00,0.00,0.00,0.00,0.00,Matches
32,32,Folarin Balogun,us USA,FW,Arsenal,20,2001,2,1,70,0.8,0,0,0,0,0,0,0,0,0.00,0.00,0.00,0.00,0.00,Matches
33,33,Patrick Bamford,eng ENG,FW,Leeds United,27,1993,9,7,559,6.2,2,2,4,2,0,0,2,0,0.32,0.32,0.64,0.32,0.64,Matches
34,34,Shandon Baptiste,gd GRN,MF,Brentford,23,1998,22,9,910,10.1,1,0,1,1,0,0,2,1,0.10,0.00,0.10,0.10,0.10,Matches
35,35,Ross Barkley,eng ENG,MF,Chelsea,27,1993,6,1,179,2.0,1,0,1,1,0,0,0,0,0.50,0.00,0.50,0.50,0.50,Matches
36,36,Ashley Barnes,eng ENG,FW,Burnley,31,1989,23,8,808,9.0,1,0,1,0,1,1,4,0,0.11,0.00,0.11,0.00,0.00,Matches
37,37,Harvey Barnes,eng ENG,"MF,FW",Leicester City,23,1997,32,24,2101,23.3,6,10,16,6,0,0,2,0,0.26,0.43,0.69,0.26,0.69,Matches
38,38,Lewis Bate,eng ENG,MF,Leeds United,18,2002,3,1,146,1.6,0,0,0,0,0,0,0,0,0.00,0.00,0.00,0.00,0.00,Matches
39,39,Mads Bech Sørensen,dk DEN,DF,Brentford,22,1999,11,9,835,9.3,0,0,0,0,0,0,3,0,0.00,0.00,0.00,0.00,0.00,Matches
40,40,Jan Bednarek,pl POL,DF,Southampton,25,1996,31,30,2629,29.2,4,0,4,4,0,0,10,0,0.14,0.00,0.14,0.14,0.14,Matches
41,41,Donny van de Beek,nl NED,MF,Manchester Utd,24,1997,8,0,75,0.8,1,0,1,1,0,0,0,0,1.20,0.00,1.20,1.20,1.20,Matches
42,42,Donny van de Beek,nl NED,MF,Everton,24,1997,7,5,483,5.4,1,0,1,1,0,0,1,0,0.19,0.00,0.19,0.19,0.19,Matches
43,43,Asmir Begović,ba BIH,GK,Everton,34,1987,3,3,270,3.0,0,0,0,0,0,0,0,0,0.00,0.00,0.00,0.00,0.00,Matches
44,44,Saïd Benrahma,dz ALG,MF,West Ham United,25,1995,32,26,2168,24.1,8,6,14,8,0,0,0,0,0.33,0.25,0.58,0.33,0.58,Matches
45,45,Rodrigo Bentancur,uy URU,MF,Tottenham Hotspur,24,1997,17,16,1361,15.1,0,4,4,0,0,0,5,0,0.00,0.26,0.26,0.00,0.26,Matches
46,46,Christian Benteke,be BEL,FW,Crystal Palace,30,1990,25,11,1145,12.7,4,1,5,4,0,0,3,0,0.31,0.08,0.39,0.31,0.39,Matches
47,47,Jóhann Berg Guðmundsson,is ISL,MF,Burnley,30,1990,18,13,1102,12.2,0,1,1,0,0,0,2,0,0.00,0.08,0.08,0.00,0.08,Matches
48,48,Steven Bergwijn,nl NED,"MF,FW",Tottenham Hotspur,23,1997,25,4,565,6.3,3,1,4,3,0,0,1,0,0.48,0.16,0.64,0.48,0.64,Matches
49,49,Ryan Bertrand,eng ENG,DF,Leicester City,31,1989,4,4,337,3.7,0,0,0,0,0,0,1,0,0.00,0.00,0.00,0.00,0.00,Matches
50,50,Mads Bidstrup,dk DEN,MF,Brentford,20,2001,4,0,41,0.5,0,0,0,0,0,0,0,0,0.00,0.00,0.00,0.00,0.00,Matches
51,Rk,Player,Nation,Pos,Squad,Age,Born,MP,Starts,Min,90s,Gls,Ast,G+A,G-PK,PK,PKatt,CrdY,CrdR,Gls,Ast,G+A,G-PK,G+A-PK,Matches
52,51,Yves Bissouma,ml MLI,MF,Brighton,24,1996,26,25,2111,23.5,1,2,3,1,0,0,10,0,0.04,0.09,0.13,0.04,0.13,Matches
53,52,Willy Boly,ci CIV,DF,Wolves,30,1991,10,10,900,10.0,0,0,0,0,0,0,1,0,0.00,0.00,0.00,0.00,0.00,Matches
54,53,Jarrod Bowen,eng ENG,MF,West Ham United,24,1996,36,34,2983,33.1,12,10,22,12,0,0,6,0,0.36,0.30,0.66,0.36,0.66,Matches
55,54,Jarrad Branthwaite,eng ENG,DF,Everton,19,2002,6,4,388,4.3,1,0,1,1,0,0,0,1,0.23,0.00,0.23,0.23,0.23,Matches
56,55,Armando Broja,al ALB,FW,Southampton,19,2001,32,21,1975,21.9,6,0,6,6,0,0,2,0,0.27,0.00,0.27,0.27,0.27,Matches
57,56,Josh Brownhill,eng ENG,MF,Burnley,25,1995,35,32,2955,32.8,2,3,5,2,0,0,10,0,0.06,0.09,0.15,0.06,0.15,Matches
58,57,Lewis Brunt,eng ENG,"DF,MF",Leicester City,20,2000,1,0,24,0.3,0,0,0,0,0,0,0,0,0.00,0.00,0.00,0.00,0.00,Matches
59,58,Emi Buendía,ar ARG,"FW,MF",Aston Villa,24,1996,35,22,1899,21.1,4,6,10,4,0,0,1,0,0.19,0.28,0.47,0.19,0.47,Matches
60,59,Dan Burn,eng ENG,DF,Newcastle United,29,1992,16,16,1440,16.0,0,1,1,0,0,0,4,0,0.00,0.06,0.06,0.00,0.06,Matches
61,60,Dan Burn,eng ENG,DF,Brighton,29,1992,13,12,1022,11.4,1,0,1,1,0,0,4,0,0.09,0.00,0.09,0.09,0.09,Matches
62,61,Jack Butland,eng ENG,GK,Crystal Palace,28,1993,9,8,765,8.5,0,0,0,0,0,0,0,0,0.00,0.00,0.00,0.00,0.00,Matches
63,62,Sam Byram,eng ENG,DF,Norwich City,27,1993,15,11,1027,11.4,0,0,0,0,0,0,3,0,0.00,0.00,0.00,0.00,0.00,Matches
64,63,Willy Caballero,ar ARG,GK,Southampton,39,1981,2,2,180,2.0,0,0,0,0,0,0,1,0,0.00,0.00,0.00,0.00,0.00,Matches
65,64,Moisés Caicedo,ec ECU,MF,Brighton,19,2001,8,8,660,7.3,1,1,2,1,0,0,2,0,0.14,0.14,0.27,0.14,0.27,Matches
66,65,Dominic Calvert-Lewin,eng ENG,FW,Everton,24,1997,17,15,1283,14.3,5,2,7,3,2,3,2,0,0.35,0.14,0.49,0.21,0.35,Matches
67,66,Chem Campbell,wls WAL,"FW,MF",Wolves,18,2002,1,0,13,0.1,0,0,0,0,0,0,0,0,0.00,0.00,0.00,0.00,0.00,Matches
68,67,João Cancelo,pt POR,DF,Manchester City,27,1994,36,36,3227,35.9,1,7,8,1,0,0,7,0,0.03,0.20,0.22,0.03,0.22,Matches
69,68,Sergi Canós,es ESP,MF,Brentford,24,1997,31,25,2083,23.1,3,2,5,3,0,0,8,1,0.13,0.09,0.22,0.13,0.22,Matches
70,69,Todd Cantwell,eng ENG,"FW,MF",Norwich City,23,1998,8,5,441,4.9,0,0,0,0,0,0,2,0,0.00,0.00,0.00,0.00,0.00,Matches
71,70,Matty Cash,pl POL,"DF,MF",Aston Villa,23,1997,38,38,3377,37.5,4,3,7,4,0,0,8,0,0.11,0.08,0.19,0.11,0.19,Matches
72,71,Timothy Castagne,be BEL,"DF,MF",Leicester City,25,1995,27,22,2127,23.6,1,0,1,1,0,0,1,0,0.04,0.00,0.04,0.04,0.04,Matches
73,72,Jonny Castro,es ESP,"MF,DF",Wolves,27,1994,13,10,1024,11.4,2,0,2,2,0,0,1,0,0.18,0.00,0.18,0.18,0.18,Matches
74,73,Craig Cathcart,nir NIR,DF,Watford,32,1989,31,27,2396,26.6,0,1,1,0,0,0,3,0,0.00,0.04,0.04,0.00,0.04,Matches
75,74,Edinson Cavani,uy URU,FW,Manchester Utd,34,1987,15,7,766,8.5,2,1,3,2,0,0,0,0,0.23,0.12,0.35,0.23,0.35,Matches
76,75,Kayky Chagas,br BRA,MF,Manchester City,18,2003,1,0,7,0.1,0,0,0,0,0,0,0,0,0.00,0.00,0.00,0.00,0.00,Matches
77,Rk,Player,Nation,Pos,Squad,Age,Born,MP,Starts,Min,90s,Gls,Ast,G+A,G-PK,PK,PKatt,CrdY,CrdR,Gls,Ast,G+A,G-PK,G+A-PK,Matches
78,76,Trevoh Chalobah,eng ENG,DF,Chelsea,22,1999,20,17,1449,16.1,3,1,4,3,0,0,2,0,0.19,0.06,0.25,0.19,0.25,Matches
79,77,Calum Chambers,eng ENG,DF,Arsenal,26,1995,2,2,170,1.9,0,0,0,0,0,0,0,0,0.00,0.00,0.00,0.00,0.00,Matches
80,78,Calum Chambers,eng ENG,"DF,MF",Aston Villa,26,1995,11,9,831,9.2,1,0,1,1,0,0,1,0,0.11,0.00,0.11,0.11,0.11,Matches
81,79,Daniel Chesters,eng ENG,MF,West Ham United,19,2002,1,0,1,0.0,0,0,0,0,0,0,0,0,0.00,0.00,0.00,0.00,0.00,Matches
82,80,Ben Chilwell,eng ENG,MF,Chelsea,24,1996,7,6,542,6.0,3,1,4,3,0,0,0,0,0.50,0.17,0.66,0.50,0.66,Matches
83,81,Chiquinho,pt POR,MF,Wolves,21,2000,8,1,208,2.3,0,3,3,0,0,0,0,0,0.00,1.30,1.30,0.00,1.30,Matches
84,82,Hamza Choudhury,bd BAN,"MF,DF",Leicester City,23,1997,6,4,285,3.2,0,0,0,0,0,0,1,0,0.00,0.00,0.00,0.00,0.00,Matches
85,83,Andreas Christensen,dk DEN,DF,Chelsea,25,1996,19,17,1496,16.6,0,0,0,0,0,0,2,0,0.00,0.00,0.00,0.00,0.00,Matches
86,84,Carney Chukwuemeka,eng ENG,MF,Aston Villa,17,2003,12,2,301,3.3,0,1,1,0,0,0,0,0,0.00,0.30,0.30,0.00,0.30,Matches
87,85,Ciaran Clark,ie IRL,DF,Newcastle United,31,1989,13,12,1014,11.3,0,1,1,0,0,0,2,1,0.00,0.09,0.09,0.00,0.09,Matches
88,86,Tom Cleverley,eng ENG,MF,Watford,31,1989,28,20,1616,18.0,0,2,2,0,0,0,2,0,0.00,0.11,0.11,0.00,0.11,Matches
89,87,Nathaniel Clyne,eng ENG,DF,Crystal Palace,30,1991,16,15,1351,15.0,0,1,1,0,0,0,1,0,0.00,0.07,0.07,0.00,0.07,Matches
90,88,Conor Coady,eng ENG,DF,Wolves,28,1993,38,38,3361,37.3,4,0,4,4,0,0,4,0,0.11,0.00,0.11,0.11,0.11,Matches
91,89,Séamus Coleman,ie IRL,"DF,MF",Everton,32,1988,30,30,2656,29.5,1,0,1,1,0,0,4,0,0.03,0.00,0.03,0.03,0.03,Matches
92,90,Nathan Collins,ie IRL,DF,Burnley,20,2001,19,18,1670,18.6,2,0,2,2,0,0,2,1,0.11,0.00,0.11,0.11,0.11,Matches
93,91,Aaron Connolly,ie IRL,FW,Brighton,21,2000,4,1,156,1.7,0,0,0,0,0,0,0,0,0.00,0.00,0.00,0.00,0.00,Matches
94,92,Liam Cooper,sct SCO,DF,Leeds United,29,1991,21,21,1814,20.2,0,1,1,0,0,0,5,0,0.00,0.05,0.05,0.00,0.05,Matches
95,93,Jack Cork,eng ENG,MF,Burnley,32,1989,20,20,1670,18.6,1,0,1,1,0,0,4,0,0.05,0.00,0.05,0.05,0.05,Matches
96,94,Maxwel Cornet,ci CIV,"FW,MF",Burnley,24,1996,26,21,1766,19.6,9,1,10,9,0,1,2,0,0.46,0.05,0.51,0.46,0.51,Matches
97,95,Hélder Costa,ao ANG,"FW,MF",Leeds United,27,1994,1,0,22,0.2,0,0,0,0,0,0,0,0,0.00,0.00,0.00,0.00,0.00,Matches
98,96,Vladimír Coufal,cz CZE,DF,West Ham United,28,1992,28,25,2209,24.5,0,4,4,0,0,0,5,1,0.00,0.16,0.16,0.00,0.16,Matches
99,97,Philippe Coutinho,br BRA,"MF,FW",Aston Villa,29,1992,19,16,1329,14.8,5,3,8,5,0,0,0,0,0.34,0.20,0.54,0.34,0.54,Matches
100,98,Aaron Cresswell,eng ENG,DF,West Ham United,31,1989,31,31,2726,30.3,2,3,5,2,0,0,3,0,0.07,0.10,0.17,0.07,0.17,Matches
101,99,Charlie Cresswell,eng ENG,DF,Leeds United,18,2002,5,1,141,1.6,0,0,0,0,0,0,1,0,0.00,0.00,0.00,0.00,0.00,Matches
102,100,Cucho,co COL,"MF,FW",Watford,22,1999,25,11,1147,12.7,5,2,7,5,0,0,3,0,0.39,0.16,0.55,0.39,0.55,Matches
103,Rk,Player,Nation,Pos,Squad,Age,Born,MP,Starts,Min,90s,Gls,Ast,G+A,G-PK,PK,PKatt,CrdY,CrdR,Gls,Ast,G+A,G-PK,G+A-PK,Matches
104,101,Marc Cucurella,es ESP,"DF,MF",Brighton,23,1998,35,35,3089,34.3,1,1,2,1,0,0,6,0,0.03,0.03,0.06,0.03,0.06,Matches
105,102,Luke Cundle,eng ENG,MF,Wolves,19,2002,4,2,180,2.0,0,0,0,0,0,0,0,0,0.00,0.00,0.00,0.00,0.00,Matches
106,103,Patson Daka,zm ZAM,FW,Leicester City,22,1998,23,13,1159,12.9,5,3,8,5,0,0,2,0,0.39,0.23,0.62,0.39,0.62,Matches
107,104,Stuart Dallas,nir NIR,"DF,MF",Leeds United,30,1991,34,34,2919,32.4,1,1,2,1,0,0,5,0,0.03,0.03,0.06,0.03,0.06,Matches
108,105,Diogo Dalot,pt POR,DF,Manchester Utd,22,1999,24,19,1801,20.0,0,0,0,0,0,0,4,0,0.00,0.00,0.00,0.00,0.00,Matches
109,106,Karl Darlow,wls WAL,GK,Newcastle United,30,1990,8,8,720,8.0,0,0,0,0,0,0,1,0,0.00,0.00,0.00,0.00,0.00,Matches
110,107,Josh Dasilva,eng ENG,"MF,FW",Brentford,22,1998,9,2,257,2.9,0,0,0,0,0,0,0,1,0.00,0.00,0.00,0.00,0.00,Matches
111,108,Ben Davies,wls WAL,DF,Tottenham Hotspur,28,1993,29,28,2538,28.2,1,1,2,1,0,0,6,0,0.04,0.04,0.07,0.04,0.07,Matches
112,109,Tom Davies,eng ENG,MF,Everton,23,1998,6,2,234,2.6,1,0,1,1,0,0,1,0,0.38,0.00,0.38,0.38,0.38,Matches
113,110,Keinan Davis,eng ENG,FW,Aston Villa,23,1998,1,0,12,0.1,0,0,0,0,0,0,0,0,0.00,0.00,0.00,0.00,0.00,Matches
114,111,Craig Dawson,eng ENG,DF,West Ham United,31,1990,34,30,2754,30.6,2,2,4,2,0,0,5,1,0.07,0.07,0.13,0.07,0.13,Matches
115,112,Kevin De Bruyne,be BEL,MF,Manchester City,30,1991,30,25,2201,24.5,15,8,23,15,0,0,2,0,0.61,0.33,0.94,0.61,0.94,Matches
116,113,Troy Deeney,eng ENG,FW,Watford,33,1988,2,0,25,0.3,0,0,0,0,0,0,0,0,0.00,0.00,0.00,0.00,0.00,Matches
117,114,Liam Delap,eng ENG,FW,Manchester City,18,2003,1,0,10,0.1,0,0,0,0,0,0,0,0,0.00,0.00,0.00,0.00,0.00,Matches
118,115,Fabian Delph,eng ENG,MF,Everton,31,1989,11,8,662,7.4,0,0,0,0,0,0,2,0,0.00,0.00,0.00,0.00,0.00,Matches
119,116,Leander Dendoncker,be BEL,MF,Wolves,26,1995,30,21,1950,21.7,2,2,4,2,0,0,4,0,0.09,0.09,0.18,0.09,0.18,Matches
120,117,Emmanuel Dennis,ng NGA,"FW,MF",Watford,23,1997,33,30,2581,28.7,10,6,16,10,0,0,9,1,0.35,0.21,0.56,0.35,0.56,Matches
121,118,Kiernan Dewsbury-Hall,eng ENG,MF,Leicester City,22,1998,28,23,2105,23.4,1,2,3,1,0,0,4,0,0.04,0.09,0.13,0.04,0.13,Matches
122,119,Ibrahima Diallo,fr FRA,MF,Southampton,22,1999,23,10,1023,11.4,0,2,2,0,0,0,1,0,0.00,0.18,0.18,0.00,0.18,Matches
123,120,Rúben Dias,pt POR,DF,Manchester City,24,1997,29,27,2402,26.7,2,4,6,2,0,0,5,0,0.07,0.15,0.22,0.07,0.22,Matches
124,121,Luis Díaz,co COL,FW,Liverpool,24,1997,13,11,958,10.6,4,3,7,4,0,0,0,0,0.38,0.28,0.66,0.38,0.66,Matches
125,122,Eric Dier,eng ENG,DF,Tottenham Hotspur,27,1994,35,35,3071,34.1,0,0,0,0,0,0,1,0,0.00,0.00,0.00,0.00,0.00,Matches
126,123,Lucas Digne,fr FRA,DF,Aston Villa,28,1993,16,16,1269,14.1,0,4,4,0,0,0,2,0,0.00,0.28,0.28,0.00,0.28,Matches
127,124,Lucas Digne,fr FRA,DF,Everton,28,1993,13,13,1170,13.0,0,0,0,0,0,0,4,0,0.00,0.00,0.00,0.00,0.00,Matches
128,125,Issa Diop,fr FRA,DF,West Ham United,24,1997,13,10,963,10.7,0,1,1,0,0,0,0,0,0.00,0.09,0.09,0.00,0.09,Matches
129,Rk,Player,Nation,Pos,Squad,Age,Born,MP,Starts,Min,90s,Gls,Ast,G+A,G-PK,PK,PKatt,CrdY,CrdR,Gls,Ast,G+A,G-PK,G+A-PK,Matches
130,126,Moussa Djenepo,ml MLI,MF,Southampton,23,1998,12,5,457,5.1,0,0,0,0,0,0,3,0,0.00,0.00,0.00,0.00,0.00,Matches
131,127,Lewis Dobbin,eng ENG,"FW,MF",Everton,18,2003,3,0,32,0.4,0,0,0,0,0,0,1,0,0.00,0.00,0.00,0.00,0.00,Matches
132,128,Matt Doherty,ie IRL,MF,Tottenham Hotspur,29,1992,15,9,875,9.7,2,4,6,2,0,0,0,0,0.21,0.41,0.62,0.21,0.62,Matches
133,129,Abdoulaye Doucouré,ml MLI,MF,Everton,28,1993,30,29,2537,28.2,2,4,6,2,0,0,6,0,0.07,0.14,0.21,0.07,0.21,Matches
134,130,Kieran Dowell,eng ENG,MF,Norwich City,23,1997,19,11,912,10.1,1,1,2,1,0,0,0,0,0.10,0.10,0.20,0.10,0.20,Matches
135,131,Cody Drameh,eng ENG,DF,Leeds United,19,2001,3,1,128,1.4,0,0,0,0,0,0,1,0,0.00,0.00,0.00,0.00,0.00,Matches
136,132,Martin Dúbravka,sk SVK,GK,Newcastle United,32,1989,26,26,2340,26.0,0,0,0,0,0,0,1,0,0.00,0.00,0.00,0.00,0.00,Matches
137,133,Shane Duffy,ie IRL,DF,Brighton,29,1992,18,15,1436,16.0,1,0,1,1,0,0,7,0,0.06,0.00,0.06,0.06,0.06,Matches
138,134,Paul Dummett,wls WAL,DF,Newcastle United,29,1991,3,2,198,2.2,0,0,0,0,0,0,2,0,0.00,0.00,0.00,0.00,0.00,Matches
139,135,Lewis Dunk,eng ENG,DF,Brighton,29,1991,29,29,2573,28.6,1,0,1,1,0,0,3,1,0.03,0.00,0.03,0.03,0.03,Matches
140,136,Ederson,br BRA,GK,Manchester City,27,1993,37,37,3330,37.0,0,0,0,0,0,0,3,0,0.00,0.00,0.00,0.00,0.00,Matches
141,137,Odsonne Édouard,fr FRA,"FW,MF",Crystal Palace,23,1998,28,18,1564,17.4,6,3,9,5,1,1,4,0,0.35,0.17,0.52,0.29,0.46,Matches
142,138,CJ Egan-Riley,eng ENG,DF,Manchester City,18,2003,1,0,4,0.0,0,0,0,0,0,0,0,0,0.00,0.00,0.00,0.00,0.00,Matches
143,139,Anthony Elanga,se SWE,MF,Manchester Utd,19,2002,21,14,1214,13.5,2,2,4,2,0,0,0,0,0.15,0.15,0.30,0.15,0.30,Matches
144,140,Harvey Elliott,eng ENG,MF,Liverpool,18,2003,6,4,346,3.8,0,0,0,0,0,0,0,0,0.00,0.00,0.00,0.00,0.00,Matches
145,141,Mohamed Elneny,eg EGY,MF,Arsenal,29,1992,14,8,806,9.0,0,2,2,0,0,0,1,0,0.00,0.22,0.22,0.00,0.22,Matches
146,142,Mohamed Elyounoussi,no NOR,MF,Southampton,26,1994,30,23,2042,22.7,4,2,6,4,0,0,4,0,0.18,0.09,0.26,0.18,0.26,Matches
147,143,Emerson,br BRA,"MF,DF",Tottenham Hotspur,22,1999,31,26,2286,25.4,1,1,2,1,0,0,5,0,0.04,0.04,0.08,0.04,0.08,Matches
148,144,Christian Eriksen,dk DEN,MF,Brentford,29,1992,11,10,939,10.4,1,4,5,1,0,0,1,0,0.10,0.38,0.48,0.10,0.48,Matches
149,145,Oghenekaro Etebo,ng NGA,MF,Watford,25,1995,9,4,401,4.5,0,0,0,0,0,0,3,0,0.00,0.00,0.00,0.00,0.00,Matches
150,146,Jonny Evans,nir NIR,DF,Leicester City,33,1988,18,16,1348,15.0,1,1,2,1,0,0,3,0,0.07,0.07,0.13,0.07,0.13,Matches
151,147,Eberechi Eze,eng ENG,"MF,FW",Crystal Palace,23,1998,13,6,605,6.7,1,1,2,1,0,0,1,0,0.15,0.15,0.30,0.15,0.30,Matches
152,148,Łukasz Fabiański,pl POL,GK,West Ham United,36,1985,37,37,3330,37.0,0,0,0,0,0,0,2,0,0.00,0.00,0.00,0.00,0.00,Matches
153,149,Fabinho,br BRA,MF,Liverpool,27,1993,29,26,2314,25.7,5,1,6,3,2,2,7,0,0.19,0.04,0.23,0.12,0.16,Matches
154,150,Kiko Femenía,es ESP,DF,Watford,30,1991,27,26,2142,23.8,0,5,5,0,0,0,2,0,0.00,0.21,0.21,0.00,0.21,Matches
155,Rk,Player,Nation,Pos,Squad,Age,Born,MP,Starts,Min,90s,Gls,Ast,G+A,G-PK,PK,PKatt,CrdY,CrdR,Gls,Ast,G+A,G-PK,G+A-PK,Matches
156,151,Evan Ferguson,ie IRL,FW,Brighton,16,2004,1,0,23,0.3,0,0,0,0,0,0,0,0,0.00,0.00,0.00,0.00,0.00,Matches
157,152,Nathan Ferguson,eng ENG,DF,Crystal Palace,20,2000,1,0,9,0.1,0,0,0,0,0,0,0,0,0.00,0.00,0.00,0.00,0.00,Matches
158,153,Bruno Fernandes,pt POR,MF,Manchester Utd,26,1994,36,35,3111,34.6,10,6,16,10,0,2,10,0,0.29,0.17,0.46,0.29,0.46,Matches
159,154,Álvaro Fernández,es ESP,GK,Brentford,23,1998,12,12,1080,12.0,0,0,0,0,0,0,0,0,0.00,0.00,0.00,0.00,0.00,Matches
160,155,Federico Fernández,ar ARG,DF,Newcastle United,32,1989,7,5,523,5.8,0,0,0,0,0,0,0,0,0.00,0.00,0.00,0.00,0.00,Matches
161,156,Fernandinho,br BRA,"MF,DF",Manchester City,36,1985,19,10,964,10.7,2,1,3,2,0,0,1,0,0.19,0.09,0.28,0.19,0.28,Matches
162,157,Roberto Firmino,br BRA,FW,Liverpool,29,1991,20,10,990,11.0,5,4,9,5,0,0,3,0,0.45,0.36,0.82,0.45,0.82,Matches
163,158,Junior Firpo,do DOM,"DF,MF",Leeds United,24,1996,24,19,1711,19.0,0,2,2,0,0,0,11,0,0.00,0.11,0.11,0.00,0.11,Matches
164,159,Ashley Fletcher,eng ENG,FW,Watford,25,1995,3,0,30,0.3,0,0,0,0,0,0,0,0,0.00,0.00,0.00,0.00,0.00,Matches
165,160,Phil Foden,eng ENG,FW,Manchester City,21,2000,28,24,2128,23.6,9,5,14,9,0,0,1,0,0.38,0.21,0.59,0.38,0.59,Matches
166,161,Wesley Fofana,fr FRA,DF,Leicester City,20,2000,7,7,630,7.0,0,0,0,0,0,0,2,0,0.00,0.00,0.00,0.00,0.00,Matches
167,162,Pablo Fornals,es ESP,MF,West Ham United,25,1996,36,32,2795,31.1,6,3,9,6,0,0,4,0,0.19,0.10,0.29,0.19,0.29,Matches
168,163,Adam Forshaw,eng ENG,MF,Leeds United,29,1991,22,17,1530,17.0,0,1,1,0,0,0,5,0,0.00,0.06,0.06,0.00,0.06,Matches
169,164,Marcus Forss,fi FIN,FW,Brentford,22,1999,7,1,209,2.3,0,1,1,0,0,0,0,0,0.00,0.43,0.43,0.00,0.43,Matches
170,165,Fraser Forster,eng ENG,GK,Southampton,33,1988,19,19,1710,19.0,0,0,0,0,0,0,1,0,0.00,0.00,0.00,0.00,0.00,Matches
171,166,Ben Foster,eng ENG,GK,Watford,38,1983,26,26,2340,26.0,0,1,1,0,0,0,0,0,0.00,0.04,0.04,0.00,0.04,Matches
172,167,Tariqe Fosu,gh GHA,"FW,MF",Brentford,25,1995,1,0,17,0.2,0,0,0,0,0,0,0,0,0.00,0.00,0.00,0.00,0.00,Matches
173,168,Ryan Fraser,sct SCO,"FW,MF",Newcastle United,27,1994,27,18,1465,16.3,2,3,5,2,0,0,3,0,0.12,0.18,0.31,0.12,0.31,Matches
174,169,Fred,br BRA,MF,Manchester Utd,28,1993,28,24,2028,22.5,4,4,8,4,0,0,5,0,0.18,0.18,0.36,0.18,0.36,Matches
175,170,Ryan Fredericks,eng ENG,DF,West Ham United,28,1992,7,3,307,3.4,0,0,0,0,0,0,1,0,0.00,0.00,0.00,0.00,0.00,Matches
176,171,Leo Fuhr Hjelde,no NOR,DF,Leeds United,17,2003,2,0,150,1.7,0,0,0,0,0,0,0,0,0.00,0.00,0.00,0.00,0.00,Matches
177,172,Conor Gallagher,eng ENG,MF,Crystal Palace,21,2000,34,33,2845,31.6,8,3,11,8,0,0,10,0,0.25,0.09,0.35,0.25,0.35,Matches
178,173,Alejandro Garnacho,ar ARG,MF,Manchester Utd,17,2004,2,0,13,0.1,0,0,0,0,0,0,0,0,0.00,0.00,0.00,0.00,0.00,Matches
179,174,Dwight Gayle,eng ENG,FW,Newcastle United,30,1990,8,0,38,0.4,0,0,0,0,0,0,1,0,0.00,0.00,0.00,0.00,0.00,Matches
180,175,Jean-Philippe Gbamin,ci CIV,MF,Everton,25,1995,3,1,67,0.7,0,0,0,0,0,0,0,0,0.00,0.00,0.00,0.00,0.00,Matches
181,Rk,Player,Nation,Pos,Squad,Age,Born,MP,Starts,Min,90s,Gls,Ast,G+A,G-PK,PK,PKatt,CrdY,CrdR,Gls,Ast,G+A,G-PK,G+A-PK,Matches
182,176,David de Gea,es ESP,GK,Manchester Utd,30,1990,38,38,3420,38.0,0,0,0,0,0,0,0,0,0.00,0.00,0.00,0.00,0.00,Matches
183,177,Joe Gelhardt,eng ENG,FW,Leeds United,19,2002,20,5,746,8.3,2,2,4,2,0,0,4,0,0.24,0.24,0.48,0.24,0.48,Matches
184,178,Anwar El Ghazi,nl NED,"MF,FW",Aston Villa,26,1995,9,4,386,4.3,1,1,2,0,1,1,2,0,0.23,0.23,0.47,0.00,0.23,Matches
185,179,Anwar El Ghazi,nl NED,"FW,MF",Everton,26,1995,2,0,13,0.1,0,0,0,0,0,0,0,0,0.00,0.00,0.00,0.00,0.00,Matches
186,180,Saman Ghoddos,ir IRN,"FW,MF",Brentford,27,1993,17,4,536,6.0,1,1,2,1,0,0,2,0,0.17,0.17,0.34,0.17,0.34,Matches
187,181,Dimitris Giannoulis,gr GRE,"DF,MF",Norwich City,25,1995,18,14,1169,13.0,0,1,1,0,0,0,2,0,0.00,0.08,0.08,0.00,0.08,Matches
188,182,Morgan Gibbs-White,eng ENG,"FW,MF",Wolves,21,2000,2,0,9,0.1,0,0,0,0,0,0,1,0,0.00,0.00,0.00,0.00,0.00,Matches
189,183,Ben Gibson,eng ENG,DF,Norwich City,28,1993,28,28,2494,27.7,0,0,0,0,0,0,5,1,0.00,0.00,0.00,0.00,0.00,Matches
190,184,Bryan Gil,es ESP,"FW,MF",Tottenham Hotspur,20,2001,9,0,94,1.0,0,0,0,0,0,0,0,0,0.00,0.00,0.00,0.00,0.00,Matches
191,185,Billy Gilmour,sct SCO,MF,Norwich City,20,2001,24,21,1855,20.6,0,1,1,0,0,0,2,0,0.00,0.05,0.05,0.00,0.05,Matches
192,186,Ben Godfrey,eng ENG,DF,Everton,23,1998,23,23,2029,22.5,0,0,0,0,0,0,6,0,0.00,0.00,0.00,0.00,0.00,Matches
193,187,André Gomes,pt POR,MF,Everton,28,1993,14,7,619,6.9,0,1,1,0,0,0,3,0,0.00,0.15,0.15,0.00,0.15,Matches
194,188,Toti Gomes,pt POR,DF,Wolves,22,1999,4,4,360,4.0,0,0,0,0,0,0,1,0,0.00,0.00,0.00,0.00,0.00,Matches
195,189,Joe Gomez,eng ENG,DF,Liverpool,24,1997,8,4,331,3.7,0,1,1,0,0,0,2,0,0.00,0.27,0.27,0.00,0.27,Matches
196,190,Charlie Goode,eng ENG,DF,Brentford,25,1995,6,4,450,5.0,0,0,0,0,0,0,3,0,0.00,0.00,0.00,0.00,0.00,Matches
197,191,Anthony Gordon,eng ENG,"MF,FW",Everton,20,2001,35,25,2285,25.4,4,2,6,4,0,0,4,0,0.16,0.08,0.24,0.16,0.24,Matches
198,192,Kaide Gordon,eng ENG,FW,Liverpool,16,2004,1,0,9,0.1,0,0,0,0,0,0,0,0,0.00,0.00,0.00,0.00,0.00,Matches
199,193,Dan Gosling,eng ENG,MF,Watford,31,1990,4,2,166,1.8,1,0,1,1,0,0,0,0,0.54,0.00,0.54,0.54,0.54,Matches
200,194,Demarai Gray,jm JAM,"MF,FW",Everton,25,1996,34,28,2338,26.0,5,4,9,5,0,0,3,0,0.19,0.15,0.35,0.19,0.35,Matches
201,195,Jack Grealish,eng ENG,"FW,MF",Manchester City,25,1995,26,22,1914,21.3,3,3,6,3,0,0,3,0,0.14,0.14,0.28,0.14,0.28,Matches
202,196,Mason Greenwood,eng ENG,"MF,FW",Manchester Utd,19,2001,18,16,1271,14.1,5,1,6,5,0,0,1,0,0.35,0.07,0.42,0.35,0.42,Matches
203,197,Sam Greenwood,eng ENG,MF,Leeds United,19,2002,7,1,237,2.6,0,2,2,0,0,0,0,0,0.00,0.76,0.76,0.00,0.76,Matches
204,198,Pascal Groß,de GER,MF,Brighton,30,1991,29,24,2038,22.6,2,4,6,2,0,1,1,0,0.09,0.18,0.26,0.09,0.26,Matches
205,199,Vicente Guaita,es ESP,GK,Crystal Palace,34,1987,30,30,2655,29.5,0,0,0,0,0,0,2,0,0.00,0.00,0.00,0.00,0.00,Matches
206,200,Marc Guéhi,eng ENG,DF,Crystal Palace,21,2000,36,36,3222,35.8,2,1,3,2,0,0,4,0,0.06,0.03,0.08,0.06,0.08,Matches
207,Rk,Player,Nation,Pos,Squad,Age,Born,MP,Starts,Min,90s,Gls,Ast,G+A,G-PK,PK,PKatt,CrdY,CrdR,Gls,Ast,G+A,G-PK,G+A-PK,Matches
208,201,Bruno Guimarães,br BRA,MF,Newcastle United,23,1997,17,11,1034,11.5,5,1,6,5,0,0,4,0,0.44,0.09,0.52,0.44,0.52,Matches
209,202,İlkay Gündoğan,de GER,MF,Manchester City,30,1990,27,20,1857,20.6,8,4,12,8,0,0,1,0,0.39,0.19,0.58,0.39,0.58,Matches
210,203,Angus Gunn,sct SCO,GK,Norwich City,25,1996,9,9,810,9.0,0,0,0,0,0,0,0,0,0.00,0.00,0.00,0.00,0.00,Matches
211,204,Grant Hanley,sct SCO,DF,Norwich City,29,1991,33,33,2897,32.2,1,0,1,1,0,0,2,0,0.03,0.00,0.03,0.03,0.03,Matches
212,205,Jack Harrison,eng ENG,MF,Leeds United,24,1996,35,32,2639,29.3,8,1,9,8,0,0,3,0,0.27,0.03,0.31,0.27,0.31,Matches
213,206,Kortney Hause,eng ENG,DF,Aston Villa,26,1995,7,4,397,4.4,1,0,1,1,0,0,0,0,0.23,0.00,0.23,0.23,0.23,Matches
214,207,Kai Havertz,de GER,"FW,MF",Chelsea,22,1999,29,22,1809,20.1,8,3,11,8,0,0,3,0,0.40,0.15,0.55,0.40,0.55,Matches
215,208,Isaac Hayden,jm JAM,"MF,DF",Newcastle United,26,1995,14,12,1002,11.1,1,0,1,1,0,0,5,0,0.09,0.00,0.09,0.09,0.09,Matches
216,209,Hwang Hee-chan,kr KOR,"FW,MF",Wolves,25,1996,30,20,1816,20.2,5,1,6,5,0,0,2,0,0.25,0.05,0.30,0.25,0.30,Matches
217,210,Jordan Henderson,eng ENG,MF,Liverpool,31,1990,35,29,2597,28.9,2,5,7,2,0,0,3,0,0.07,0.17,0.24,0.07,0.24,Matches
218,211,Jeff Hendrick,ie IRL,MF,Newcastle United,29,1992,3,0,72,0.8,1,0,1,1,0,0,0,0,1.25,0.00,1.25,1.25,1.25,Matches
219,212,Wayne Hennessey,wls WAL,GK,Burnley,34,1987,2,2,180,2.0,0,0,0,0,0,0,0,0,0.00,0.00,0.00,0.00,0.00,Matches
220,213,Rico Henry,jm JAM,"MF,DF",Brentford,24,1997,34,33,2776,30.8,3,0,3,3,0,0,2,0,0.10,0.00,0.10,0.10,0.10,Matches
221,214,Son Heung-min,kr KOR,"MF,FW",Tottenham Hotspur,29,1992,35,35,3006,33.4,23,7,30,23,0,0,2,0,0.69,0.21,0.90,0.69,0.90,Matches
222,215,Ki-Jana Hoever,nl NED,MF,Wolves,19,2002,8,4,308,3.4,0,0,0,0,0,0,1,0,0.00,0.00,0.00,0.00,0.00,Matches
223,216,Rob Holding,eng ENG,DF,Arsenal,25,1995,15,9,845,9.4,1,0,1,1,0,0,4,1,0.11,0.00,0.11,0.11,0.11,Matches
224,217,Mason Holgate,jm JAM,DF,Everton,24,1996,25,23,2134,23.7,2,1,3,2,0,0,7,1,0.08,0.04,0.13,0.08,0.13,Matches
225,218,Callum Hudson-Odoi,eng ENG,MF,Chelsea,20,2000,15,11,962,10.7,1,2,3,1,0,0,1,0,0.09,0.19,0.28,0.09,0.28,Matches
226,219,Will Hughes,eng ENG,MF,Crystal Palace,26,1995,16,13,1053,11.7,0,1,1,0,0,0,6,0,0.00,0.09,0.09,0.00,0.09,Matches
227,220,Pierre Højbjerg,dk DEN,MF,Tottenham Hotspur,25,1995,36,36,3196,35.5,2,2,4,2,0,0,3,0,0.06,0.06,0.11,0.06,0.11,Matches
228,221,Adam Idah,ie IRL,"FW,MF",Norwich City,20,2001,17,6,625,6.9,1,1,2,1,0,0,0,0,0.14,0.14,0.29,0.14,0.29,Matches
229,222,Kelechi Iheanacho,ng NGA,FW,Leicester City,24,1996,26,13,1264,14.0,4,5,9,4,0,0,1,0,0.28,0.36,0.64,0.28,0.64,Matches
230,223,Danny Ings,eng ENG,FW,Aston Villa,29,1992,30,22,1898,21.1,7,6,13,6,1,1,4,0,0.33,0.28,0.62,0.28,0.57,Matches
231,224,Tim Iroegbunam,eng ENG,MF,Aston Villa,18,2003,3,1,92,1.0,0,0,0,0,0,0,1,0,0.00,0.00,0.00,0.00,0.00,Matches
232,225,Alex Iwobi,ng NGA,"MF,DF",Everton,25,1996,28,22,2035,22.6,2,2,4,2,0,0,1,0,0.09,0.09,0.18,0.09,0.18,Matches
233,Rk,Player,Nation,Pos,Squad,Age,Born,MP,Starts,Min,90s,Gls,Ast,G+A,G-PK,PK,PKatt,CrdY,CrdR,Gls,Ast,G+A,G-PK,G+A-PK,Matches
234,226,Daniel James,wls WAL,MF,Manchester Utd,23,1997,2,2,126,1.4,0,0,0,0,0,0,0,0,0.00,0.00,0.00,0.00,0.00,Matches
235,227,Daniel James,wls WAL,"FW,MF",Leeds United,23,1997,32,29,2366,26.3,4,4,8,4,0,0,7,1,0.15,0.15,0.30,0.15,0.30,Matches
236,228,Reece James,eng ENG,MF,Chelsea,21,1999,26,22,1864,20.7,5,9,14,5,0,0,4,1,0.24,0.43,0.68,0.24,0.68,Matches
237,229,Vitaly Janelt,de GER,MF,Brentford,23,1998,31,27,2298,25.5,4,0,4,4,0,0,3,0,0.16,0.00,0.16,0.16,0.16,Matches
238,230,Pontus Jansson,se SWE,DF,Brentford,30,1991,37,37,3321,36.9,3,1,4,3,0,0,7,0,0.08,0.03,0.11,0.08,0.11,Matches
239,231,Mathias Jensen,dk DEN,MF,Brentford,25,1996,31,19,1601,17.8,0,1,1,0,0,0,0,0,0.00,0.06,0.06,0.00,0.06,Matches
240,232,Gabriel Jesus,br BRA,FW,Manchester City,24,1997,28,21,1877,20.9,8,8,16,7,1,1,1,0,0.38,0.38,0.77,0.34,0.72,Matches
241,233,Raúl Jiménez,mx MEX,FW,Wolves,30,1991,34,30,2631,29.2,6,4,10,5,1,1,9,2,0.21,0.14,0.34,0.17,0.31,Matches
242,234,João Pedro,br BRA,"FW,MF",Watford,19,2001,28,15,1644,18.3,3,1,4,3,0,0,1,0,0.16,0.05,0.22,0.16,0.22,Matches
243,235,Joelinton,br BRA,"MF,FW",Newcastle United,24,1996,35,30,2558,28.4,4,1,5,4,0,0,8,0,0.14,0.04,0.18,0.14,0.18,Matches
244,236,Ben Johnson,eng ENG,"DF,MF",West Ham United,21,2000,20,16,1397,15.5,1,0,1,1,0,0,1,0,0.06,0.00,0.06,0.06,0.06,Matches
245,237,Curtis Jones,eng ENG,MF,Liverpool,20,2001,15,10,851,9.5,1,1,2,1,0,0,0,0,0.11,0.11,0.21,0.11,0.21,Matches
246,238,Phil Jones,eng ENG,DF,Manchester Utd,29,1992,4,2,163,1.8,0,0,0,0,0,0,0,0,0.00,0.00,0.00,0.00,0.00,Matches
247,239,Jorginho,it ITA,MF,Chelsea,29,1991,29,26,2273,25.3,6,2,8,0,6,7,5,0,0.24,0.08,0.32,0.00,0.08,Matches
248,240,Diogo Jota,pt POR,FW,Liverpool,24,1996,35,27,2364,26.3,15,4,19,15,0,0,3,0,0.57,0.15,0.72,0.57,0.72,Matches
249,241,James Justin,eng ENG,DF,Leicester City,23,1998,13,11,998,11.1,0,0,0,0,0,0,0,0,0.00,0.00,0.00,0.00,0.00,Matches
250,242,Mathias Jørgensen,dk DEN,DF,Brentford,31,1990,8,6,518,5.8,1,0,1,1,0,0,2,0,0.17,0.00,0.17,0.17,0.17,Matches
251,243,Ozan Kabak,tr TUR,DF,Norwich City,21,2000,11,11,922,10.2,0,0,0,0,0,0,2,0,0.00,0.00,0.00,0.00,0.00,Matches
252,244,Christian Kabasele,be BEL,DF,Watford,30,1991,16,12,1193,13.3,0,0,0,0,0,0,0,0,0.00,0.00,0.00,0.00,0.00,Matches
253,245,Samuel Kalu,ng NGA,FW,Watford,23,1997,4,2,222,2.5,0,0,0,0,0,0,0,0,0.00,0.00,0.00,0.00,0.00,Matches
254,246,Hassane Kamara,ci CIV,DF,Watford,27,1994,19,18,1623,18.0,1,0,1,1,0,0,5,1,0.06,0.00,0.06,0.06,0.06,Matches
255,247,Harry Kane,eng ENG,FW,Tottenham Hotspur,28,1993,37,36,3232,35.9,17,9,26,13,4,4,5,0,0.47,0.25,0.72,0.36,0.61,Matches
256,248,N'Golo Kanté,fr FRA,MF,Chelsea,30,1991,26,21,1773,19.7,2,4,6,2,0,0,2,0,0.10,0.20,0.30,0.10,0.30,Matches
257,249,Edo Kayembe,cd COD,MF,Watford,23,1998,13,9,799,8.9,0,0,0,0,0,0,0,0,0.00,0.00,0.00,0.00,0.00,Matches
258,250,Moise Kean,it ITA,FW,Everton,21,2000,1,0,1,0.0,0,0,0,0,0,0,0,0,0.00,0.00,0.00,0.00,0.00,Matches
259,Rk,Player,Nation,Pos,Squad,Age,Born,MP,Starts,Min,90s,Gls,Ast,G+A,G-PK,PK,PKatt,CrdY,CrdR,Gls,Ast,G+A,G-PK,G+A-PK,Matches
260,251,Michael Keane,eng ENG,DF,Everton,28,1993,32,31,2792,31.0,3,2,5,3,0,0,4,1,0.10,0.06,0.16,0.10,0.16,Matches
261,252,Naby Keïta,gn GUI,MF,Liverpool,26,1995,23,14,1173,13.0,3,1,4,3,0,0,3,0,0.23,0.08,0.31,0.23,0.31,Matches
262,253,Caoimhín Kelleher,ie IRL,GK,Liverpool,22,1998,2,2,180,2.0,0,0,0,0,0,0,0,0,0.00,0.00,0.00,0.00,0.00,Matches
263,254,Kenedy,br BRA,MF,Chelsea,25,1996,1,1,58,0.6,0,1,1,0,0,0,0,0,0.00,1.55,1.55,0.00,1.55,Matches
264,255,Jonjoe Kenny,eng ENG,DF,Everton,24,1997,15,11,1018,11.3,0,1,1,0,0,0,3,1,0.00,0.09,0.09,0.00,0.09,Matches
265,256,Max Kilman,eng ENG,DF,Wolves,24,1997,30,30,2687,29.9,1,0,1,1,0,0,3,0,0.03,0.00,0.03,0.03,0.03,Matches
266,257,Joshua King,no NOR,"FW,MF",Watford,29,1992,32,27,2248,25.0,5,3,8,4,1,1,5,0,0.20,0.12,0.32,0.16,0.28,Matches
267,258,Kristoffer Klaesson,no NOR,GK,Leeds United,20,2000,1,0,36,0.4,0,0,0,0,0,0,0,0,0.00,0.00,0.00,0.00,0.00,Matches
268,259,Mateusz Klich,pl POL,MF,Leeds United,31,1990,33,26,2073,23.0,1,2,3,1,0,0,5,0,0.04,0.09,0.13,0.04,0.13,Matches
269,260,Robin Koch,de GER,"MF,DF",Leeds United,25,1996,20,17,1574,17.5,0,0,0,0,0,0,3,0,0.00,0.00,0.00,0.00,0.00,Matches
270,261,Sead Kolašinac,ba BIH,DF,Arsenal,28,1993,2,1,91,1.0,0,0,0,0,0,0,1,0,0.00,0.00,0.00,0.00,0.00,Matches
271,262,Ibrahima Konaté,fr FRA,DF,Liverpool,22,1999,11,11,990,11.0,0,0,0,0,0,0,2,0,0.00,0.00,0.00,0.00,0.00,Matches
272,263,Ezri Konsa,eng ENG,DF,Aston Villa,23,1997,29,29,2477,27.5,2,0,2,2,0,0,6,2,0.07,0.00,0.07,0.07,0.07,Matches
273,264,Cheikhou Kouyaté,sn SEN,MF,Crystal Palace,31,1989,27,23,1974,21.9,0,1,1,0,0,0,3,0,0.00,0.05,0.05,0.00,0.05,Matches
274,265,Mateo Kovačić,hr CRO,MF,Chelsea,27,1994,25,16,1558,17.3,2,5,7,2,0,0,4,0,0.12,0.29,0.40,0.12,0.40,Matches
275,266,Emil Krafth,se SWE,DF,Newcastle United,26,1994,20,18,1634,18.2,0,1,1,0,0,0,5,0,0.00,0.06,0.06,0.00,0.06,Matches
276,267,Alex Král,cz CZE,MF,West Ham United,23,1998,1,0,1,0.0,0,0,0,0,0,0,0,0,0.00,0.00,0.00,0.00,0.00,Matches
277,268,Tim Krul,nl NED,GK,Norwich City,33,1988,29,29,2610,29.0,0,0,0,0,0,0,1,0,0.00,0.00,0.00,0.00,0.00,Matches
278,269,Juraj Kucka,sk SVK,MF,Watford,34,1987,26,22,1920,21.3,1,1,2,1,0,0,5,1,0.05,0.05,0.09,0.05,0.09,Matches
279,270,Dejan Kulusevski,se SWE,"MF,FW",Tottenham Hotspur,21,2000,18,14,1261,14.0,5,8,13,5,0,0,3,0,0.36,0.57,0.93,0.36,0.93,Matches
280,271,Alexandre Lacazette,fr FRA,"FW,MF",Arsenal,30,1991,30,20,1782,19.8,4,7,11,2,2,3,0,0,0.20,0.35,0.56,0.10,0.45,Matches
281,272,Adam Lallana,eng ENG,MF,Brighton,33,1988,24,18,1561,17.3,0,1,1,0,0,0,4,0,0.00,0.06,0.06,0.00,0.06,Matches
282,273,Tariq Lamptey,gh GHA,"MF,DF",Brighton,20,2000,30,16,1561,17.3,0,2,2,0,0,0,4,0,0.00,0.12,0.12,0.00,0.12,Matches
283,274,Manuel Lanzini,ar ARG,MF,West Ham United,28,1993,30,19,1786,19.8,5,3,8,2,3,3,2,0,0.25,0.15,0.40,0.10,0.25,Matches
284,275,Aymeric Laporte,es ESP,DF,Manchester City,27,1994,33,33,2828,31.4,4,0,4,4,0,0,5,1,0.13,0.00,0.13,0.13,0.13,Matches
285,Rk,Player,Nation,Pos,Squad,Age,Born,MP,Starts,Min,90s,Gls,Ast,G+A,G-PK,PK,PKatt,CrdY,CrdR,Gls,Ast,G+A,G-PK,G+A-PK,Matches
286,276,Jamaal Lascelles,eng ENG,DF,Newcastle United,27,1993,26,22,2058,22.9,1,0,1,1,0,0,5,0,0.04,0.00,0.04,0.04,0.04,Matches
287,277,Pierre Lees-Melou,fr FRA,MF,Norwich City,28,1993,33,27,2265,25.2,1,0,1,1,0,0,5,0,0.04,0.00,0.04,0.04,0.04,Matches
288,278,Aaron Lennon,eng ENG,"MF,FW",Burnley,34,1987,28,17,1551,17.2,2,0,2,2,0,0,2,0,0.12,0.00,0.12,0.12,0.12,Matches
289,279,Bernd Leno,de GER,GK,Arsenal,29,1992,4,4,360,4.0,0,0,0,0,0,0,0,0,0.00,0.00,0.00,0.00,0.00,Matches
290,280,Jamal Lewis,nir NIR,DF,Newcastle United,23,1998,5,4,262,2.9,0,0,0,0,0,0,1,0,0.00,0.00,0.00,0.00,0.00,Matches
291,281,Victor Lindelöf,se SWE,DF,Manchester Utd,27,1994,28,26,2355,26.2,0,2,2,0,0,0,4,0,0.00,0.08,0.08,0.00,0.08,Matches
292,282,Jesse Lingard,eng ENG,MF,Manchester Utd,28,1992,16,2,367,4.1,2,0,2,2,0,0,1,0,0.49,0.00,0.49,0.49,0.49,Matches
293,283,Valentino Livramento,eng ENG,DF,Southampton,18,2002,28,25,2202,24.5,1,1,2,1,0,0,2,0,0.04,0.04,0.08,0.04,0.08,Matches
294,284,Diego Llorente,es ESP,DF,Leeds United,27,1993,28,28,2340,26.0,3,0,3,3,0,0,7,0,0.12,0.00,0.12,0.12,0.12,Matches
295,285,Hugo Lloris,fr FRA,GK,Tottenham Hotspur,34,1986,38,38,3420,38.0,0,0,0,0,0,0,2,0,0.00,0.00,0.00,0.00,0.00,Matches
296,286,Giovani Lo Celso,ar ARG,MF,Tottenham Hotspur,25,1996,9,2,238,2.6,0,0,0,0,0,0,0,0,0.00,0.00,0.00,0.00,0.00,Matches
297,287,Jürgen Locadia,cw CUW,FW,Brighton,27,1993,1,0,23,0.3,0,0,0,0,0,0,0,0,0.00,0.00,0.00,0.00,0.00,Matches
298,288,Ruben Loftus-Cheek,eng ENG,MF,Chelsea,25,1996,24,13,1394,15.5,0,2,2,0,0,0,1,0,0.00,0.13,0.13,0.00,0.13,Matches
299,289,Kevin Long,ie IRL,DF,Burnley,30,1990,6,4,410,4.6,0,0,0,0,0,0,1,0,0.00,0.00,0.00,0.00,0.00,Matches
300,290,Shane Long,ie IRL,FW,Southampton,34,1987,13,3,308,3.4,1,0,1,1,0,0,1,0,0.29,0.00,0.29,0.29,0.29,Matches
301,291,Sean Longstaff,eng ENG,MF,Newcastle United,23,1997,24,15,1464,16.3,1,1,2,1,0,0,1,0,0.06,0.06,0.12,0.06,0.12,Matches
302,292,Ademola Lookman,ng NGA,"MF,FW",Leicester City,23,1997,26,16,1453,16.1,6,0,6,6,0,0,2,0,0.37,0.00,0.37,0.37,0.37,Matches
303,293,Jonas Lössl,dk DEN,GK,Brentford,32,1989,2,2,180,2.0,0,0,0,0,0,0,0,0,0.00,0.00,0.00,0.00,0.00,Matches
304,294,Imran Louza,ma MAR,MF,Watford,22,1999,20,17,1416,15.7,0,0,0,0,0,0,6,0,0.00,0.00,0.00,0.00,0.00,Matches
305,295,Matthew Lowton,eng ENG,DF,Burnley,32,1989,25,20,1772,19.7,1,2,3,1,0,0,3,1,0.05,0.10,0.15,0.05,0.15,Matches
306,296,Douglas Luiz,br BRA,MF,Aston Villa,23,1998,34,31,2715,30.2,2,3,5,2,0,0,7,0,0.07,0.10,0.17,0.07,0.17,Matches
307,297,Romelu Lukaku,be BEL,FW,Chelsea,28,1993,26,16,1589,17.7,8,0,8,7,1,1,1,0,0.45,0.00,0.45,0.40,0.40,Matches
308,298,Lyanco,br BRA,DF,Southampton,24,1997,15,9,911,10.1,0,0,0,0,0,0,2,0,0.00,0.00,0.00,0.00,0.00,Matches
309,299,Alexis Mac Allister,ar ARG,"MF,FW",Brighton,22,1998,33,22,2123,23.6,5,2,7,3,2,3,4,0,0.21,0.08,0.30,0.13,0.21,Matches
310,300,James Maddison,eng ENG,"MF,FW",Leicester City,24,1996,35,28,2459,27.3,12,8,20,12,0,0,3,0,0.44,0.29,0.73,0.44,0.73,Matches
311,Rk,Player,Nation,Pos,Squad,Age,Born,MP,Starts,Min,90s,Gls,Ast,G+A,G-PK,PK,PKatt,CrdY,CrdR,Gls,Ast,G+A,G-PK,G+A-PK,Matches
312,301,Gabriel Magalhães,br BRA,DF,Arsenal,23,1997,35,35,3063,34.0,5,0,5,5,0,0,8,1,0.15,0.00,0.15,0.15,0.15,Matches
313,302,Harry Maguire,eng ENG,DF,Manchester Utd,28,1993,30,28,2515,27.9,1,0,1,1,0,0,9,1,0.04,0.00,0.04,0.04,0.04,Matches
314,303,Riyad Mahrez,dz ALG,FW,Manchester City,30,1991,28,15,1498,16.6,11,5,16,7,4,5,0,0,0.66,0.30,0.96,0.42,0.72,Matches
315,304,Ainsley Maitland-Niles,eng ENG,MF,Arsenal,23,1997,8,2,268,3.0,0,0,0,0,0,0,0,0,0.00,0.00,0.00,0.00,0.00,Matches
316,305,Sadio Mané,sn SEN,FW,Liverpool,29,1992,34,32,2819,31.3,16,2,18,16,0,0,5,0,0.51,0.06,0.57,0.51,0.57,Matches
317,306,Javier Manquillo,es ESP,DF,Newcastle United,27,1994,19,15,1257,14.0,1,2,3,1,0,0,5,0,0.07,0.14,0.21,0.07,0.21,Matches
318,307,Fernando Marçal,br BRA,MF,Wolves,32,1989,18,17,1449,16.1,0,0,0,0,0,0,3,0,0.00,0.00,0.00,0.00,0.00,Matches
319,308,Solly March,eng ENG,MF,Brighton,27,1994,31,17,1746,19.4,0,2,2,0,0,0,1,0,0.00,0.10,0.10,0.00,0.10,Matches
320,309,Pablo Marí,es ESP,DF,Arsenal,27,1993,2,2,180,2.0,0,0,0,0,0,0,1,0,0.00,0.00,0.00,0.00,0.00,Matches
321,310,Anthony Martial,fr FRA,"MF,FW",Manchester Utd,25,1995,8,2,212,2.4,1,0,1,1,0,0,0,0,0.42,0.00,0.42,0.42,0.42,Matches
322,311,Gabriel Martinelli,br BRA,"MF,FW",Arsenal,20,2001,29,21,1860,20.7,6,6,12,5,1,1,3,1,0.29,0.29,0.58,0.24,0.53,Matches
323,312,Emiliano Martínez,ar ARG,GK,Aston Villa,28,1992,36,36,3240,36.0,0,0,0,0,0,0,4,0,0.00,0.00,0.00,0.00,0.00,Matches
324,313,Adam Masina,ma MAR,DF,Watford,27,1994,15,13,1077,12.0,0,1,1,0,0,0,0,0,0.00,0.08,0.08,0.00,0.08,Matches
325,314,Arthur Masuaku,cd COD,"MF,DF",West Ham United,27,1993,13,6,650,7.2,1,1,2,1,0,0,1,0,0.14,0.14,0.28,0.14,0.28,Matches
326,315,Juan Mata,es ESP,MF,Manchester Utd,33,1988,7,2,235,2.6,0,0,0,0,0,0,0,0,0.00,0.00,0.00,0.00,0.00,Matches
327,316,Jean-Philippe Mateta,fr FRA,FW,Crystal Palace,24,1997,22,13,1145,12.7,5,1,6,5,0,0,2,0,0.39,0.08,0.47,0.39,0.47,Matches
328,317,Nemanja Matić,rs SRB,MF,Manchester Utd,32,1988,23,16,1382,15.4,0,4,4,0,0,0,3,0,0.00,0.26,0.26,0.00,0.26,Matches
329,318,Joël Matip,cm CMR,DF,Liverpool,29,1991,31,31,2790,31.0,3,3,6,3,0,0,2,0,0.10,0.10,0.19,0.10,0.19,Matches
330,319,Neal Maupay,fr FRA,FW,Brighton,24,1996,32,25,2276,25.3,8,2,10,7,1,2,7,0,0.32,0.08,0.40,0.28,0.36,Matches
331,320,Bryan Mbeumo,cm CMR,FW,Brentford,21,1999,35,34,2905,32.3,4,7,11,3,1,1,4,0,0.12,0.22,0.34,0.09,0.31,Matches
332,321,James McArthur,sct SCO,MF,Crystal Palace,33,1987,21,15,1439,16.0,0,3,3,0,0,0,4,0,0.00,0.19,0.19,0.00,0.19,Matches
333,322,James Mcatee,eng ENG,MF,Manchester City,18,2002,2,0,20,0.2,0,0,0,0,0,0,0,0,0.00,0.00,0.00,0.00,0.00,Matches
334,323,Kasey McAteer,ie IRL,MF,Leicester City,19,2001,1,0,3,0.0,0,0,0,0,0,0,0,0,0.00,0.00,0.00,0.00,0.00,Matches
335,324,Liam McCarron,sct SCO,DF,Leeds United,20,2001,1,0,10,0.1,0,0,0,0,0,0,0,0,0.00,0.00,0.00,0.00,0.00,Matches
336,325,Alex McCarthy,eng ENG,GK,Southampton,31,1989,17,17,1530,17.0,0,0,0,0,0,0,1,0,0.00,0.00,0.00,0.00,0.00,Matches
337,Rk,Player,Nation,Pos,Squad,Age,Born,MP,Starts,Min,90s,Gls,Ast,G+A,G-PK,PK,PKatt,CrdY,CrdR,Gls,Ast,G+A,G-PK,G+A-PK,Matches
338,326,John McGinn,sct SCO,MF,Aston Villa,26,1994,35,35,3090,34.3,3,4,7,3,0,0,8,0,0.09,0.12,0.20,0.09,0.20,Matches
339,327,Stuart McKinstry,sct SCO,MF,Leeds United,18,2002,1,0,4,0.0,0,0,0,0,0,0,0,0,0.00,0.00,0.00,0.00,0.00,Matches
340,328,Kenny McLean,sct SCO,MF,Norwich City,29,1992,31,29,2706,30.1,1,0,1,1,0,0,3,0,0.03,0.00,0.03,0.03,0.03,Matches
341,329,Dwight McNeil,eng ENG,MF,Burnley,21,1999,38,35,3107,34.5,0,1,1,0,0,0,1,0,0.00,0.03,0.03,0.00,0.03,Matches
342,330,Scott McTominay,sct SCO,MF,Manchester Utd,24,1996,30,28,2387,26.5,1,1,2,1,0,0,9,0,0.04,0.04,0.08,0.04,0.08,Matches
343,331,Ben Mee,eng ENG,DF,Burnley,31,1989,21,21,1839,20.4,3,0,3,3,0,0,3,0,0.15,0.00,0.15,0.15,0.15,Matches
344,332,Hannibal Mejbri,tn TUN,MF,Manchester Utd,18,2003,2,1,68,0.8,0,0,0,0,0,0,2,0,0.00,0.00,0.00,0.00,0.00,Matches
345,333,Benjamin Mendy,fr FRA,DF,Manchester City,27,1994,1,1,78,0.9,0,0,0,0,0,0,0,0,0.00,0.00,0.00,0.00,0.00,Matches
346,334,Edouard Mendy,sn SEN,GK,Chelsea,29,1992,34,34,3060,34.0,0,0,0,0,0,0,3,0,0.00,0.00,0.00,0.00,0.00,Matches
347,335,Nampalys Mendy,sn SEN,MF,Leicester City,29,1992,14,12,1032,11.5,0,0,0,0,0,0,3,0,0.00,0.00,0.00,0.00,0.00,Matches
348,336,Illan Meslier,fr FRA,GK,Leeds United,21,2000,38,38,3384,37.6,0,0,0,0,0,0,2,0,0.00,0.00,0.00,0.00,0.00,Matches
349,337,Luka Milivojević,rs SRB,MF,Crystal Palace,30,1991,15,9,774,8.6,0,0,0,0,0,0,1,0,0.00,0.00,0.00,0.00,0.00,Matches
350,338,James Milner,eng ENG,"MF,DF",Liverpool,35,1986,24,9,853,9.5,0,1,1,0,0,0,2,0,0.00,0.11,0.11,0.00,0.11,Matches
351,339,Yerry Mina,co COL,DF,Everton,26,1994,13,11,846,9.4,0,0,0,0,0,0,3,0,0.00,0.00,0.00,0.00,0.00,Matches
352,340,Takumi Minamino,jp JPN,FW,Liverpool,26,1995,11,1,186,2.1,3,0,3,3,0,0,1,0,1.45,0.00,1.45,1.45,1.45,Matches
353,341,Tyrone Mings,eng ENG,DF,Aston Villa,28,1993,36,35,3189,35.4,1,3,4,1,0,0,11,0,0.03,0.08,0.11,0.03,0.11,Matches
354,342,Tyrick Mitchell,eng ENG,DF,Crystal Palace,21,1999,36,35,3101,34.5,0,2,2,0,0,0,1,0,0.00,0.06,0.06,0.00,0.06,Matches
355,343,Jakub Moder,pl POL,"MF,FW",Brighton,22,1999,28,19,1701,18.9,0,3,3,0,0,0,1,0,0.00,0.16,0.16,0.00,0.16,Matches
356,344,Wesley Moraes,br BRA,FW,Aston Villa,24,1996,1,0,1,0.0,0,0,0,0,0,0,0,0,0.00,0.00,0.00,0.00,0.00,Matches
357,345,Tyler Morton,eng ENG,MF,Liverpool,18,2002,2,1,66,0.7,0,0,0,0,0,0,1,0,0.00,0.00,0.00,0.00,0.00,Matches
358,346,Mason Mount,eng ENG,MF,Chelsea,22,1999,32,27,2363,26.3,11,10,21,10,1,1,4,0,0.42,0.38,0.80,0.38,0.76,Matches
359,347,Lucas Moura,br BRA,"MF,FW",Tottenham Hotspur,28,1992,34,19,1775,19.7,2,6,8,2,0,0,4,0,0.10,0.30,0.41,0.10,0.41,Matches
360,348,João Moutinho,pt POR,MF,Wolves,34,1986,35,34,2970,33.0,2,1,3,2,0,0,4,0,0.06,0.03,0.09,0.06,0.09,Matches
361,349,Bali Mumba,eng ENG,"DF,MF",Norwich City,19,2001,1,0,45,0.5,0,0,0,0,0,0,0,0,0.00,0.00,0.00,0.00,0.00,Matches
362,350,Jacob Murphy,eng ENG,"FW,MF",Newcastle United,26,1995,33,13,1473,16.4,1,2,3,1,0,0,4,0,0.06,0.12,0.18,0.06,0.18,Matches
363,Rk,Player,Nation,Pos,Squad,Age,Born,MP,Starts,Min,90s,Gls,Ast,G+A,G-PK,PK,PKatt,CrdY,CrdR,Gls,Ast,G+A,G-PK,G+A-PK,Matches
364,351,Enock Mwepu,zm ZAM,MF,Brighton,23,1998,18,12,996,11.1,2,4,6,2,0,0,2,0,0.18,0.36,0.54,0.18,0.54,Matches
365,352,Vitaliy Mykolenko,ua UKR,"DF,MF",Everton,22,1999,13,12,1055,11.7,1,0,1,1,0,0,0,0,0.09,0.00,0.09,0.09,0.09,Matches
366,353,Marvelous Nakamba,zw ZIM,MF,Aston Villa,27,1994,16,10,904,10.0,0,0,0,0,0,0,5,0,0.00,0.00,0.00,0.00,0.00,Matches
367,354,Wilfred Ndidi,ng NGA,"MF,DF",Leicester City,24,1996,19,18,1618,18.0,0,0,0,0,0,0,4,0,0.00,0.00,0.00,0.00,0.00,Matches
368,355,Tanguy Ndombele,fr FRA,MF,Tottenham Hotspur,24,1996,9,6,484,5.4,1,1,2,1,0,0,1,0,0.19,0.19,0.37,0.19,0.37,Matches
369,356,Reiss Nelson,eng ENG,"FW,MF",Arsenal,21,1999,1,0,20,0.2,0,0,0,0,0,0,0,0,0.00,0.00,0.00,0.00,0.00,Matches
370,357,Pedro Neto,pt POR,"FW,MF",Wolves,21,2000,13,5,466,5.2,1,1,2,1,0,0,3,0,0.19,0.19,0.39,0.19,0.39,Matches
371,358,Rúben Neves,pt POR,MF,Wolves,24,1997,33,31,2661,29.6,4,2,6,4,0,0,9,0,0.14,0.07,0.20,0.14,0.20,Matches
372,359,Jeremy Ngakia,,DF,Watford,20,2000,16,9,903,10.0,0,0,0,0,0,0,0,0,0.00,0.00,0.00,0.00,0.00,Matches
373,360,Saúl Ñíguez,es ESP,MF,Chelsea,26,1994,10,5,480,5.3,0,0,0,0,0,0,1,0,0.00,0.00,0.00,0.00,0.00,Matches
374,361,Eddie Nketiah,eng ENG,FW,Arsenal,22,1999,21,8,835,9.3,5,1,6,5,0,0,3,0,0.54,0.11,0.65,0.54,0.65,Matches
375,362,Nicolas Nkoulou,cm CMR,DF,Watford,31,1990,3,2,168,1.9,0,0,0,0,0,0,0,0,0.00,0.00,0.00,0.00,0.00,Matches
376,363,Mark Noble,eng ENG,MF,West Ham United,34,1987,11,3,332,3.7,1,0,1,0,1,2,0,0,0.27,0.00,0.27,0.00,0.00,Matches
377,364,Mathias Normann,no NOR,MF,Norwich City,25,1996,23,20,1645,18.3,1,2,3,1,0,0,6,0,0.05,0.11,0.16,0.05,0.16,Matches
378,365,Christian Nørgaard,dk DEN,MF,Brentford,27,1994,35,35,3054,33.9,3,4,7,3,0,0,8,0,0.09,0.12,0.21,0.09,0.21,Matches
379,366,Angelo Ogbonna,it ITA,DF,West Ham United,33,1988,11,11,921,10.2,1,0,1,1,0,0,1,0,0.10,0.00,0.10,0.10,0.10,Matches
380,367,Michael Olise,fr FRA,"FW,MF",Crystal Palace,19,2001,26,12,1141,12.7,2,5,7,2,0,0,4,0,0.16,0.39,0.55,0.16,0.55,Matches
381,368,Robin Olsen,se SWE,GK,Aston Villa,31,1990,1,1,90,1.0,0,0,0,0,0,0,0,0,0.00,0.00,0.00,0.00,0.00,Matches
382,369,Andrew Omobamidele,ie IRL,DF,Norwich City,19,2002,5,4,382,4.2,1,0,1,1,0,0,1,0,0.24,0.00,0.24,0.24,0.24,Matches
383,370,Tyler Onyango,eng ENG,MF,Everton,18,2003,3,0,28,0.3,0,0,0,0,0,0,0,0,0.00,0.00,0.00,0.00,0.00,Matches
384,371,Frank Onyeka,ng NGA,MF,Brentford,23,1998,20,12,1045,11.6,0,0,0,0,0,0,4,0,0.00,0.00,0.00,0.00,0.00,Matches
385,372,Divock Origi,be BEL,"FW,MF",Liverpool,26,1995,7,0,133,1.5,3,0,3,3,0,0,0,0,2.03,0.00,2.03,2.03,2.03,Matches
386,373,Alex Oxlade-Chamberlain,eng ENG,"MF,FW",Liverpool,27,1993,17,9,785,8.7,2,1,3,2,0,0,0,0,0.23,0.11,0.34,0.23,0.34,Matches
387,374,Cole Palmer,eng ENG,FW,Manchester City,19,2002,4,1,123,1.4,0,0,0,0,0,0,0,0,0.00,0.00,0.00,0.00,0.00,Matches
388,375,Emerson Palmieri,it ITA,"DF,MF",Chelsea,26,1994,1,0,5,0.1,0,0,0,0,0,0,0,0,0.00,0.00,0.00,0.00,0.00,Matches
389,Rk,Player,Nation,Pos,Squad,Age,Born,MP,Starts,Min,90s,Gls,Ast,G+A,G-PK,PK,PKatt,CrdY,CrdR,Gls,Ast,G+A,G-PK,G+A-PK,Matches
390,376,Thomas Partey,gh GHA,MF,Arsenal,28,1993,24,23,2028,22.5,2,1,3,2,0,0,6,0,0.09,0.04,0.13,0.09,0.13,Matches
391,377,Nicolas Pépé,ci CIV,MF,Arsenal,26,1995,20,5,696,7.7,1,2,3,1,0,0,0,0,0.13,0.26,0.39,0.13,0.39,Matches
392,378,Ricardo Pereira,pt POR,"DF,MF",Leicester City,27,1993,14,13,991,11.0,1,3,4,1,0,0,3,0,0.09,0.27,0.36,0.09,0.36,Matches
393,379,Ayoze Pérez,es ESP,MF,Leicester City,28,1993,14,6,445,4.9,2,3,5,2,0,0,0,1,0.40,0.61,1.01,0.40,1.01,Matches
394,380,Sonny Perkins,eng ENG,"FW,MF",West Ham United,17,2004,1,0,4,0.0,0,0,0,0,0,0,0,0,0.00,0.00,0.00,0.00,0.00,Matches
395,381,Romain Perraud,fr FRA,"DF,MF",Southampton,23,1997,20,18,1623,18.0,0,1,1,0,0,0,3,0,0.00,0.06,0.06,0.00,0.06,Matches
396,382,Kalvin Phillips,eng ENG,MF,Leeds United,25,1995,20,18,1596,17.7,0,1,1,0,0,0,4,0,0.00,0.06,0.06,0.00,0.06,Matches
397,383,Jaden Philogene Bidace,eng ENG,"FW,MF",Aston Villa,19,2002,1,0,5,0.1,0,0,0,0,0,0,0,0,0.00,0.00,0.00,0.00,0.00,Matches
398,384,Jordan Pickford,eng ENG,GK,Everton,27,1994,35,35,3150,35.0,0,0,0,0,0,0,2,0,0.00,0.00,0.00,0.00,0.00,Matches
399,385,Erik Pieters,nl NED,DF,Burnley,32,1988,12,8,730,8.1,0,1,1,0,0,0,1,0,0.00,0.12,0.12,0.00,0.12,Matches
400,386,Ethan Pinnock,jm JAM,DF,Brentford,28,1993,32,32,2694,29.9,1,1,2,1,0,0,1,0,0.03,0.03,0.07,0.03,0.07,Matches
401,387,Daniel Podence,pt POR,"FW,MF",Wolves,25,1995,26,15,1484,16.5,2,3,5,2,0,0,2,0,0.12,0.18,0.30,0.12,0.30,Matches
402,388,Paul Pogba,fr FRA,MF,Manchester Utd,28,1993,20,16,1349,15.0,1,9,10,1,0,0,7,1,0.07,0.60,0.67,0.07,0.67,Matches
403,389,Nick Pope,eng ENG,GK,Burnley,29,1992,36,36,3240,36.0,0,0,0,0,0,0,1,0,0.00,0.00,0.00,0.00,0.00,Matches
404,390,Isaac Price,nir NIR,MF,Everton,17,2003,1,0,14,0.2,0,0,0,0,0,0,0,0,0.00,0.00,0.00,0.00,0.00,Matches
405,391,Teemu Pukki,fi FIN,FW,Norwich City,31,1990,37,37,3253,36.1,11,3,14,8,3,3,4,0,0.30,0.08,0.39,0.22,0.30,Matches
406,392,Christian Pulisic,us USA,"MF,FW",Chelsea,22,1998,22,13,1290,14.3,6,2,8,6,0,0,2,0,0.42,0.14,0.56,0.42,0.56,Matches
407,393,Przemysław Płacheta,pl POL,"MF,FW",Norwich City,23,1998,12,6,504,5.6,0,0,0,0,0,0,1,0,0.00,0.00,0.00,0.00,0.00,Matches
408,394,Jesurun Rak Sakyi,eng ENG,MF,Crystal Palace,18,2002,2,1,80,0.9,0,0,0,0,0,0,0,0,0.00,0.00,0.00,0.00,0.00,Matches
409,395,Aaron Ramsdale,eng ENG,GK,Arsenal,23,1998,34,34,3060,34.0,0,0,0,0,0,0,1,0,0.00,0.00,0.00,0.00,0.00,Matches
410,396,Jacob Ramsey,eng ENG,MF,Aston Villa,20,2001,34,29,2467,27.4,6,1,7,6,0,0,6,0,0.22,0.04,0.26,0.22,0.26,Matches
411,397,Raphinha,br BRA,"MF,FW",Leeds United,24,1996,35,34,2915,32.4,11,3,14,7,4,4,7,0,0.34,0.09,0.43,0.22,0.31,Matches
412,398,Marcus Rashford,eng ENG,"MF,FW",Manchester Utd,23,1997,25,13,1235,13.7,4,2,6,4,0,0,2,0,0.29,0.15,0.44,0.29,0.44,Matches
413,399,Milot Rashica,xk KVX,"MF,FW",Norwich City,25,1996,31,25,2229,24.8,1,2,3,1,0,0,0,0,0.04,0.08,0.12,0.04,0.12,Matches
414,400,David Raya,es ESP,GK,Brentford,25,1995,24,24,2160,24.0,0,0,0,0,0,0,1,0,0.00,0.00,0.00,0.00,0.00,Matches
415,Rk,Player,Nation,Pos,Squad,Age,Born,MP,Starts,Min,90s,Gls,Ast,G+A,G-PK,PK,PKatt,CrdY,CrdR,Gls,Ast,G+A,G-PK,G+A-PK,Matches
416,401,Nathan Redmond,eng ENG,"MF,FW",Southampton,27,1994,27,20,1833,20.4,1,5,6,1,0,0,0,0,0.05,0.25,0.29,0.05,0.29,Matches
417,402,Sergio Reguilón,es ESP,"MF,DF",Tottenham Hotspur,24,1996,25,22,1916,21.3,2,3,5,2,0,0,4,0,0.09,0.14,0.23,0.09,0.23,Matches
418,403,Declan Rice,eng ENG,MF,West Ham United,22,1999,36,35,3179,35.3,1,4,5,1,0,0,8,0,0.03,0.11,0.14,0.03,0.14,Matches
419,404,Taylor Richards,eng ENG,MF,Brighton,20,2000,2,0,25,0.3,0,0,0,0,0,0,0,0,0.00,0.00,0.00,0.00,0.00,Matches
420,405,Richarlison,br BRA,"FW,MF",Everton,24,1997,30,28,2523,28.0,10,5,15,7,3,3,9,0,0.36,0.18,0.54,0.25,0.43,Matches
421,406,Jaïro Riedewald,nl NED,MF,Crystal Palace,24,1996,3,1,118,1.3,0,0,0,0,0,0,0,0,0.00,0.00,0.00,0.00,0.00,Matches
422,407,Matt Ritchie,sct SCO,"DF,MF",Newcastle United,31,1989,18,14,1337,14.9,0,2,2,0,0,0,5,0,0.00,0.13,0.13,0.00,0.13,Matches
423,408,Connor Roberts,wls WAL,DF,Burnley,25,1995,21,19,1692,18.8,1,1,2,1,0,0,2,0,0.05,0.05,0.11,0.05,0.11,Matches
424,409,Tyler Roberts,wls WAL,"MF,FW",Leeds United,22,1999,23,7,987,11.0,1,1,2,1,0,0,5,0,0.09,0.09,0.18,0.09,0.18,Matches
425,410,Andrew Robertson,sct SCO,DF,Liverpool,27,1994,29,29,2537,28.2,3,10,13,3,0,0,5,1,0.11,0.35,0.46,0.11,0.46,Matches
426,411,Joe Rodon,wls WAL,DF,Tottenham Hotspur,23,1997,3,0,89,1.0,0,0,0,0,0,0,0,0,0.00,0.00,0.00,0.00,0.00,Matches
427,412,Rodri,es ESP,MF,Manchester City,25,1996,33,33,2884,32.0,7,2,9,7,0,0,5,0,0.22,0.06,0.28,0.22,0.28,Matches
428,413,Rodrigo,es ESP,"MF,FW",Leeds United,30,1991,31,27,2265,25.2,6,1,7,5,1,1,9,0,0.24,0.04,0.28,0.20,0.24,Matches
429,414,Jay Rodriguez,eng ENG,FW,Burnley,32,1989,29,13,1382,15.4,2,2,4,2,0,0,3,0,0.13,0.13,0.26,0.13,0.26,Matches
430,415,Mads Roerslev,dk DEN,"MF,DF",Brentford,22,1999,21,12,1240,13.8,1,1,2,1,0,0,1,0,0.07,0.07,0.15,0.07,0.15,Matches
431,416,Cristian Romero,ar ARG,DF,Tottenham Hotspur,23,1998,22,21,1844,20.5,1,0,1,1,0,0,8,0,0.05,0.00,0.05,0.05,0.05,Matches
432,417,Oriol Romeu,es ESP,MF,Southampton,29,1991,36,34,2889,32.1,2,2,4,2,0,0,9,0,0.06,0.06,0.12,0.06,0.12,Matches
433,418,Cristiano Ronaldo,pt POR,FW,Manchester Utd,36,1985,30,27,2456,27.3,18,3,21,15,3,3,8,0,0.66,0.11,0.77,0.55,0.66,Matches
434,419,Salomón Rondón,ve VEN,FW,Everton,31,1989,20,8,790,8.8,1,1,2,1,0,0,3,1,0.11,0.11,0.23,0.11,0.23,Matches
435,420,Danny Rose,eng ENG,DF,Watford,31,1990,8,7,689,7.7,0,0,0,0,0,0,4,0,0.00,0.00,0.00,0.00,0.00,Matches
436,421,Jonathan Rowe,eng ENG,MF,Norwich City,18,2003,13,0,223,2.5,0,1,1,0,0,0,0,0,0.00,0.40,0.40,0.00,0.40,Matches
437,422,John Ruddy,eng ENG,GK,Wolves,34,1986,2,1,135,1.5,0,0,0,0,0,0,0,0,0.00,0.00,0.00,0.00,0.00,Matches
438,423,Antonio Rüdiger,de GER,DF,Chelsea,28,1993,34,34,3035,33.7,3,0,3,3,0,0,9,0,0.09,0.00,0.09,0.09,0.09,Matches
439,424,Lukas Rupp,de GER,MF,Norwich City,30,1991,19,7,769,8.5,0,0,0,0,0,0,0,0,0.00,0.00,0.00,0.00,0.00,Matches
440,425,José Sá,pt POR,GK,Wolves,28,1993,37,37,3285,36.5,0,1,1,0,0,0,3,0,0.00,0.03,0.03,0.00,0.03,Matches
441,Rk,Player,Nation,Pos,Squad,Age,Born,MP,Starts,Min,90s,Gls,Ast,G+A,G-PK,PK,PKatt,CrdY,CrdR,Gls,Ast,G+A,G-PK,G+A-PK,Matches
442,426,Allan Saint-Maximin,fr FRA,"FW,MF",Newcastle United,24,1997,35,31,2804,31.2,5,5,10,5,0,0,6,0,0.16,0.16,0.32,0.16,0.32,Matches
443,427,Romain Saïss,ma MAR,DF,Wolves,31,1990,31,31,2705,30.1,2,0,2,2,0,0,6,0,0.07,0.00,0.07,0.07,0.07,Matches
444,428,Bukayo Saka,eng ENG,"MF,FW",Arsenal,19,2001,38,36,2978,33.1,11,7,18,9,2,2,6,0,0.33,0.21,0.54,0.27,0.48,Matches
445,429,Mohamed Salah,eg EGY,FW,Liverpool,29,1992,35,30,2762,30.7,23,13,36,18,5,6,1,0,0.75,0.42,1.17,0.59,1.01,Matches
446,430,Mohammed Salisu,gh GHA,DF,Southampton,22,1999,34,33,2972,33.0,0,0,0,0,0,0,10,1,0.00,0.00,0.00,0.00,0.00,Matches
447,431,Albert Sambi Lokonga,be BEL,MF,Arsenal,21,1999,19,12,1134,12.6,0,0,0,0,0,0,5,0,0.00,0.00,0.00,0.00,0.00,Matches
448,432,Davinson Sánchez,co COL,DF,Tottenham Hotspur,25,1996,23,17,1631,18.1,2,0,2,2,0,0,4,0,0.11,0.00,0.11,0.11,0.11,Matches
449,433,Robert Sánchez,es ESP,GK,Brighton,23,1997,37,37,3329,37.0,0,0,0,0,0,0,3,1,0.00,0.00,0.00,0.00,0.00,Matches
450,434,Jadon Sancho,eng ENG,"MF,FW",Manchester Utd,21,2000,29,20,1900,21.1,3,3,6,3,0,0,0,0,0.14,0.14,0.28,0.14,0.28,Matches
451,435,Morgan Sanson,fr FRA,MF,Aston Villa,26,1994,10,3,356,4.0,0,0,0,0,0,0,0,0,0.00,0.00,0.00,0.00,0.00,Matches
452,436,Samir Santos,br BRA,DF,Watford,26,1994,19,19,1673,18.6,0,0,0,0,0,0,4,0,0.00,0.00,0.00,0.00,0.00,Matches
453,437,Josh Sargent,us USA,"FW,MF",Norwich City,21,2000,26,18,1572,17.5,2,1,3,2,0,0,1,0,0.11,0.06,0.17,0.11,0.17,Matches
454,438,Jeremy Sarmiento,ec ECU,MF,Brighton,19,2002,5,1,48,0.5,0,0,0,0,0,0,0,0,0.00,0.00,0.00,0.00,0.00,Matches
455,439,Ismaila Sarr,sn SEN,"MF,FW",Watford,23,1998,22,21,1861,20.7,5,2,7,5,0,1,2,0,0.24,0.10,0.34,0.24,0.34,Matches
456,440,Malang Sarr,fr FRA,DF,Chelsea,22,1999,8,6,546,6.1,0,0,0,0,0,0,2,0,0.00,0.00,0.00,0.00,0.00,Matches
457,441,Dane Scarlett,eng ENG,FW,Tottenham Hotspur,17,2004,1,0,4,0.0,0,0,0,0,0,0,0,0,0.00,0.00,0.00,0.00,0.00,Matches
458,442,Fabian Schär,ch SUI,DF,Newcastle United,29,1991,25,25,2158,24.0,2,2,4,2,0,0,4,0,0.08,0.08,0.17,0.08,0.17,Matches
459,443,Jeffrey Schlupp,gh GHA,"MF,FW",Crystal Palace,28,1992,32,20,1851,20.6,4,1,5,4,0,0,1,0,0.19,0.05,0.24,0.19,0.24,Matches
460,444,Kasper Schmeichel,dk DEN,GK,Leicester City,34,1986,37,37,3330,37.0,0,0,0,0,0,0,2,0,0.00,0.00,0.00,0.00,0.00,Matches
461,445,Ken Sema,se SWE,"MF,FW",Watford,27,1993,18,7,852,9.5,0,0,0,0,0,0,1,0,0.00,0.00,0.00,0.00,0.00,Matches
462,446,Nélson Semedo,pt POR,MF,Wolves,27,1993,25,25,2131,23.7,0,1,1,0,0,0,1,0,0.00,0.04,0.04,0.00,0.04,Matches
463,447,Ryan Sessegnon,eng ENG,MF,Tottenham Hotspur,21,2000,15,13,1047,11.6,0,2,2,0,0,0,2,0,0.00,0.17,0.17,0.00,0.17,Matches
464,448,Jamie Shackleton,eng ENG,"DF,MF",Leeds United,21,1999,14,7,709,7.9,0,0,0,0,0,0,4,0,0.00,0.00,0.00,0.00,0.00,Matches
465,449,Luke Shaw,eng ENG,"DF,MF",Manchester Utd,26,1995,20,19,1601,17.8,0,3,3,0,0,0,8,0,0.00,0.17,0.17,0.00,0.17,Matches
466,450,Jonjo Shelvey,eng ENG,MF,Newcastle United,29,1992,24,22,1983,22.0,2,1,3,2,0,0,7,1,0.09,0.05,0.14,0.09,0.14,Matches
467,Rk,Player,Nation,Pos,Squad,Age,Born,MP,Starts,Min,90s,Gls,Ast,G+A,G-PK,PK,PKatt,CrdY,CrdR,Gls,Ast,G+A,G-PK,G+A-PK,Matches
468,451,Shola Shoretire,eng ENG,"FW,MF",Manchester Utd,17,2004,1,0,16,0.2,0,0,0,0,0,0,0,0,0.00,0.00,0.00,0.00,0.00,Matches
469,452,Francisco Sierralta,cl CHI,DF,Watford,24,1997,5,5,427,4.7,0,0,0,0,0,0,0,0,0.00,0.00,0.00,0.00,0.00,Matches
470,453,Bernardo Silva,pt POR,"MF,FW",Manchester City,26,1994,35,33,2857,31.7,8,4,12,8,0,0,6,0,0.25,0.13,0.38,0.25,0.38,Matches
471,454,Fábio Silva,pt POR,FW,Wolves,19,2002,22,6,572,6.4,0,0,0,0,0,0,0,0,0.00,0.00,0.00,0.00,0.00,Matches
472,455,Thiago Silva,br BRA,DF,Chelsea,36,1984,32,28,2650,29.4,3,0,3,3,0,0,2,0,0.10,0.00,0.10,0.10,0.10,Matches
473,456,Ellis Simms,eng ENG,FW,Everton,20,2001,1,1,61,0.7,0,0,0,0,0,0,0,0,0.00,0.00,0.00,0.00,0.00,Matches
474,457,Moussa Sissoko,fr FRA,MF,Watford,31,1989,36,36,3220,35.8,2,1,3,2,0,0,5,0,0.06,0.03,0.08,0.06,0.08,Matches
475,458,Oliver Skipp,eng ENG,MF,Tottenham Hotspur,20,2000,18,14,1350,15.0,0,0,0,0,0,0,6,0,0.00,0.00,0.00,0.00,0.00,Matches
476,459,William Smallbone,ie IRL,"MF,FW",Southampton,21,2000,4,2,133,1.5,0,0,0,0,0,0,0,0,0.00,0.00,0.00,0.00,0.00,Matches
477,460,Emile Smith Rowe,eng ENG,MF,Arsenal,21,2000,33,21,1921,21.3,10,2,12,10,0,0,1,0,0.47,0.09,0.56,0.47,0.56,Matches
478,461,Cédric Soares,pt POR,DF,Arsenal,29,1991,21,16,1486,16.5,1,1,2,1,0,0,3,0,0.06,0.06,0.12,0.06,0.12,Matches
479,462,Tomáš Souček,cz CZE,MF,West Ham United,26,1995,35,34,3062,34.0,5,1,6,5,0,0,3,0,0.15,0.03,0.18,0.15,0.18,Matches
480,463,Boubakary Soumaré,fr FRA,MF,Leicester City,22,1999,19,12,1102,12.2,0,1,1,0,0,0,0,0,0.00,0.08,0.08,0.00,0.08,Matches
481,464,Çağlar Söyüncü,tr TUR,DF,Leicester City,25,1996,28,28,2497,27.7,1,0,1,1,0,0,5,0,0.04,0.00,0.04,0.04,0.04,Matches
482,465,Tony Springett,ie IRL,MF,Norwich City,18,2002,3,1,141,1.6,0,0,0,0,0,0,1,0,0.00,0.00,0.00,0.00,0.00,Matches
483,466,Jason Steele,eng ENG,GK,Brighton,30,1990,1,1,90,1.0,0,0,0,0,0,0,0,0,0.00,0.00,0.00,0.00,0.00,Matches
484,467,Jed Steer,eng ENG,GK,Aston Villa,28,1992,1,1,90,1.0,0,0,0,0,0,0,0,0,0.00,0.00,0.00,0.00,0.00,Matches
485,468,Zack Steffen,us USA,GK,Manchester City,26,1995,1,1,90,1.0,0,0,0,0,0,0,0,0,0.00,0.00,0.00,0.00,0.00,Matches
486,469,Dale Stephens,eng ENG,MF,Burnley,32,1989,3,1,124,1.4,0,0,0,0,0,0,1,0,0.00,0.00,0.00,0.00,0.00,Matches
487,470,Jack Stephens,eng ENG,DF,Southampton,27,1994,11,9,811,9.0,0,0,0,0,0,0,3,0,0.00,0.00,0.00,0.00,0.00,Matches
488,471,Raheem Sterling,eng ENG,"FW,MF",Manchester City,26,1994,30,23,2128,23.6,13,5,18,11,2,3,1,0,0.55,0.21,0.76,0.47,0.68,Matches
489,472,Finley Stevens,wls WAL,DF,Brentford,18,2003,1,0,15,0.2,0,0,0,0,0,0,0,0,0.00,0.00,0.00,0.00,0.00,Matches
490,473,John Stones,eng ENG,DF,Manchester City,27,1994,14,12,1119,12.4,1,0,1,1,0,0,0,0,0.08,0.00,0.08,0.08,0.08,Matches
491,474,Pascal Struijk,nl NED,DF,Leeds United,21,1999,29,22,2055,22.8,1,0,1,1,0,0,6,1,0.04,0.00,0.04,0.04,0.04,Matches
492,475,Crysencio Summerville,nl NED,"FW,MF",Leeds United,19,2001,6,0,130,1.4,0,0,0,0,0,0,0,0,0.00,0.00,0.00,0.00,0.00,Matches
493,Rk,Player,Nation,Pos,Squad,Age,Born,MP,Starts,Min,90s,Gls,Ast,G+A,G-PK,PK,PKatt,CrdY,CrdR,Gls,Ast,G+A,G-PK,G+A-PK,Matches
494,476,Jakob Sørensen,dk DEN,"MF,DF",Norwich City,23,1998,10,6,604,6.7,0,0,0,0,0,0,0,0,0.00,0.00,0.00,0.00,0.00,Matches
495,477,Japhet Tanganga,eng ENG,"DF,MF",Tottenham Hotspur,22,1999,11,10,735,8.2,0,0,0,0,0,0,4,1,0.00,0.00,0.00,0.00,0.00,Matches
496,478,Matt Targett,eng ENG,"DF,MF",Aston Villa,25,1995,17,17,1431,15.9,1,1,2,1,0,0,2,0,0.06,0.06,0.13,0.06,0.13,Matches
497,479,Matt Targett,eng ENG,DF,Newcastle United,25,1995,16,16,1440,16.0,0,0,0,0,0,0,1,0,0.00,0.00,0.00,0.00,0.00,Matches
498,480,James Tarkowski,eng ENG,DF,Burnley,28,1992,35,35,3106,34.5,1,2,3,1,0,0,11,0,0.03,0.06,0.09,0.03,0.09,Matches
499,481,Nuno Tavares,pt POR,DF,Arsenal,21,2000,22,13,1176,13.1,1,1,2,1,0,0,2,0,0.08,0.08,0.15,0.08,0.15,Matches
500,482,Charlie Taylor,eng ENG,DF,Burnley,27,1993,31,30,2731,30.3,0,3,3,0,0,0,3,0,0.00,0.10,0.10,0.00,0.10,Matches
501,483,Nathan Tella,ng NGA,"MF,FW",Southampton,22,1999,14,10,804,8.9,0,1,1,0,0,0,2,0,0.00,0.11,0.11,0.00,0.11,Matches
502,484,Alex Telles,br BRA,DF,Manchester Utd,28,1992,21,18,1660,18.4,0,4,4,0,0,0,1,0,0.00,0.22,0.22,0.00,0.22,Matches
503,485,Luke Thomas,eng ENG,"DF,MF",Leicester City,20,2001,22,21,1912,21.2,0,1,1,0,0,0,2,0,0.00,0.05,0.05,0.00,0.05,Matches
504,486,Dominic Thompson,eng ENG,MF,Brentford,21,2000,2,2,146,1.6,0,0,0,0,0,0,0,0,0.00,0.00,0.00,0.00,0.00,Matches
505,487,Youri Tielemans,be BEL,MF,Leicester City,24,1997,32,29,2631,29.2,6,4,10,4,2,2,3,0,0.21,0.14,0.34,0.14,0.27,Matches
506,488,Kieran Tierney,sct SCO,DF,Arsenal,24,1997,22,22,1915,21.3,1,3,4,1,0,0,0,0,0.05,0.14,0.19,0.05,0.19,Matches
507,489,Takehiro Tomiyasu,jp JPN,DF,Arsenal,22,1998,21,20,1679,18.7,0,1,1,0,0,0,2,0,0.00,0.05,0.05,0.00,0.05,Matches
508,490,James Tomkins,eng ENG,DF,Crystal Palace,32,1989,8,6,547,6.1,1,0,1,1,0,0,2,0,0.16,0.00,0.16,0.16,0.16,Matches
509,491,Ivan Toney,eng ENG,FW,Brentford,25,1996,33,32,2909,32.3,12,5,17,7,5,5,8,0,0.37,0.15,0.53,0.22,0.37,Matches
510,492,Ferrán Torres,es ESP,FW,Manchester City,21,2000,4,4,303,3.4,2,1,3,2,0,0,0,0,0.59,0.30,0.89,0.59,0.89,Matches
511,493,Cenk Tosun,tr TUR,"FW,MF",Everton,30,1991,1,0,7,0.1,0,0,0,0,0,0,0,0,0.00,0.00,0.00,0.00,0.00,Matches
512,494,Andros Townsend,eng ENG,MF,Everton,30,1991,21,17,1455,16.2,3,2,5,2,1,1,3,0,0.19,0.12,0.31,0.12,0.25,Matches
513,495,Adama Traoré,es ESP,"FW,MF",Wolves,25,1996,20,10,1067,11.9,1,0,1,1,0,0,0,0,0.08,0.00,0.08,0.08,0.08,Matches
514,496,Bertrand Traoré,bf BFA,FW,Aston Villa,25,1995,9,1,220,2.4,0,0,0,0,0,0,0,0,0.00,0.00,0.00,0.00,0.00,Matches
515,497,Trézéguet,eg EGY,"FW,MF",Aston Villa,26,1994,1,0,11,0.1,0,0,0,0,0,0,0,0,0.00,0.00,0.00,0.00,0.00,Matches
516,498,Francisco Trincão,pt POR,"FW,MF",Wolves,21,1999,28,16,1336,14.8,2,1,3,2,0,0,0,0,0.13,0.07,0.20,0.13,0.20,Matches
517,499,Kieran Trippier,eng ENG,DF,Newcastle United,30,1990,6,5,429,4.8,2,0,2,2,0,0,0,0,0.42,0.00,0.42,0.42,0.42,Matches
518,500,William Troost-Ekong,ng NGA,DF,Watford,27,1993,17,15,1390,15.4,0,0,0,0,0,0,3,0,0.00,0.00,0.00,0.00,0.00,Matches
519,Rk,Player,Nation,Pos,Squad,Age,Born,MP,Starts,Min,90s,Gls,Ast,G+A,G-PK,PK,PKatt,CrdY,CrdR,Gls,Ast,G+A,G-PK,G+A-PK,Matches
520,501,Leandro Trossard,be BEL,"FW,MF",Brighton,26,1994,34,32,2805,31.2,8,3,11,7,1,1,2,0,0.26,0.10,0.35,0.22,0.32,Matches
521,502,Kostas Tsimikas,gr GRE,DF,Liverpool,25,1996,13,9,877,9.7,0,2,2,0,0,0,3,0,0.00,0.21,0.21,0.00,0.21,Matches
522,503,Axel Tuanzebe,cd COD,DF,Aston Villa,23,1997,9,6,508,5.6,0,0,0,0,0,0,1,0,0.00,0.00,0.00,0.00,0.00,Matches
523,504,Ozan Tufan,tr TUR,MF,Watford,26,1995,7,4,334,3.7,0,0,0,0,0,0,0,0,0.00,0.00,0.00,0.00,0.00,Matches
524,505,Christos Tzolis,gr GRE,"MF,FW",Norwich City,19,2002,14,3,336,3.7,0,0,0,0,0,0,0,0,0.00,0.00,0.00,0.00,0.00,Matches
525,506,Yan Valery,tn TUN,DF,Southampton,22,1999,5,3,370,4.1,0,0,0,0,0,0,0,0,0.00,0.00,0.00,0.00,0.00,Matches
526,507,Virgil van Dijk,nl NED,DF,Liverpool,30,1991,34,34,3060,34.0,3,1,4,3,0,0,3,0,0.09,0.03,0.12,0.09,0.12,Matches
527,508,Raphaël Varane,fr FRA,DF,Manchester Utd,28,1993,22,20,1831,20.3,1,1,2,1,0,0,0,0,0.05,0.05,0.10,0.05,0.10,Matches
528,509,Jamie Vardy,eng ENG,FW,Leicester City,34,1987,25,20,1806,20.1,15,2,17,15,0,0,2,0,0.75,0.10,0.85,0.75,0.85,Matches
529,510,Joël Veltman,nl NED,"DF,MF",Brighton,29,1992,34,33,2874,31.9,1,1,2,1,0,0,6,0,0.03,0.03,0.06,0.03,0.06,Matches
530,511,Jannik Vestergaard,dk DEN,DF,Leicester City,28,1992,10,6,567,6.3,0,0,0,0,0,0,2,0,0.00,0.00,0.00,0.00,0.00,Matches
531,512,Nikola Vlašić,hr CRO,MF,West Ham United,23,1997,19,6,560,6.2,1,0,1,1,0,0,0,0,0.16,0.00,0.16,0.16,0.16,Matches
532,513,Matěj Vydra,cz CZE,FW,Burnley,29,1992,22,5,679,7.5,2,3,5,2,0,0,1,0,0.27,0.40,0.66,0.27,0.66,Matches
533,514,Theo Walcott,eng ENG,MF,Southampton,32,1989,9,5,379,4.2,0,0,0,0,0,0,0,0,0.00,0.00,0.00,0.00,0.00,Matches
534,515,Kyle Walker,eng ENG,DF,Manchester City,31,1990,20,20,1755,19.5,0,2,2,0,0,0,1,0,0.00,0.10,0.10,0.00,0.10,Matches
535,516,Kyle Walker-Peters,eng ENG,DF,Southampton,24,1997,32,29,2633,29.3,1,2,3,1,0,0,5,0,0.03,0.07,0.10,0.03,0.10,Matches
536,517,Aaron Wan-Bissaka,cd COD,"DF,MF",Manchester Utd,23,1997,20,20,1793,19.9,0,0,0,0,0,0,2,0,0.00,0.00,0.00,0.00,0.00,Matches
537,518,Danny Ward,wls WAL,GK,Leicester City,28,1993,1,1,90,1.0,0,0,0,0,0,0,0,0,0.00,0.00,0.00,0.00,0.00,Matches
538,519,Joel Ward,eng ENG,DF,Crystal Palace,31,1989,28,27,2487,27.6,0,0,0,0,0,0,8,0,0.00,0.00,0.00,0.00,0.00,Matches
539,520,James Ward-Prowse,eng ENG,MF,Southampton,26,1994,36,36,3215,35.7,10,5,15,6,4,4,3,1,0.28,0.14,0.42,0.17,0.31,Matches
540,521,Ollie Watkins,eng ENG,FW,Aston Villa,25,1995,35,33,2952,32.8,11,2,13,10,1,1,7,0,0.34,0.06,0.40,0.30,0.37,Matches
541,522,Adam Webster,eng ENG,DF,Brighton,26,1995,22,16,1434,15.9,2,0,2,2,0,0,5,0,0.13,0.00,0.13,0.13,0.13,Matches
542,523,Wout Weghorst,nl NED,FW,Burnley,28,1992,20,17,1450,16.1,2,3,5,2,0,0,3,0,0.12,0.19,0.31,0.12,0.31,Matches
543,524,Danny Welbeck,eng ENG,"FW,MF",Brighton,30,1990,25,15,1478,16.4,6,2,8,6,0,0,0,0,0.37,0.12,0.49,0.37,0.49,Matches
544,525,Timo Werner,de GER,"FW,MF",Chelsea,25,1996,21,15,1283,14.3,4,1,5,4,0,0,1,0,0.28,0.07,0.35,0.28,0.35,Matches
545,Rk,Player,Nation,Pos,Squad,Age,Born,MP,Starts,Min,90s,Gls,Ast,G+A,G-PK,PK,PKatt,CrdY,CrdR,Gls,Ast,G+A,G-PK,G+A-PK,Matches
546,526,Ashley Westwood,eng ENG,MF,Burnley,31,1990,27,26,2287,25.4,0,3,3,0,0,0,7,0,0.00,0.12,0.12,0.00,0.12,Matches
547,527,Ben White,eng ENG,DF,Arsenal,23,1997,32,32,2880,32.0,0,0,0,0,0,0,3,0,0.00,0.00,0.00,0.00,0.00,Matches
548,528,Brandon Williams,eng ENG,DF,Norwich City,20,2000,26,23,2120,23.6,0,1,1,0,0,0,8,0,0.00,0.04,0.04,0.00,0.04,Matches
549,529,Neco Williams,wls WAL,"DF,MF",Liverpool,20,2001,1,0,8,0.1,0,1,1,0,0,0,0,0,0.00,11.25,11.25,0.00,11.25,Matches
550,530,Joe Willock,eng ENG,MF,Newcastle United,21,1999,29,24,2038,22.6,2,0,2,2,0,0,0,0,0.09,0.00,0.09,0.09,0.09,Matches
551,531,Callum Wilson,eng ENG,FW,Newcastle United,29,1992,18,16,1386,15.4,8,0,8,6,2,2,4,0,0.52,0.00,0.52,0.39,0.39,Matches
552,532,Harry Winks,eng ENG,MF,Tottenham Hotspur,25,1996,19,9,912,10.1,0,1,1,0,0,0,2,0,0.00,0.10,0.10,0.00,0.10,Matches
553,533,Yoane Wissa,cd COD,FW,Brentford,24,1996,30,12,1284,14.3,7,1,8,7,0,0,0,0,0.49,0.07,0.56,0.49,0.56,Matches
554,534,Chris Wood,nz NZL,FW,Burnley,29,1991,17,17,1367,15.2,3,0,3,3,0,0,1,0,0.20,0.00,0.20,0.20,0.20,Matches
555,535,Chris Wood,nz NZL,FW,Newcastle United,29,1991,17,15,1327,14.7,2,0,2,1,1,1,0,0,0.14,0.00,0.14,0.07,0.07,Matches
556,536,Freddie Woodman,eng ENG,GK,Newcastle United,24,1997,4,4,360,4.0,0,0,0,0,0,0,0,0,0.00,0.00,0.00,0.00,0.00,Matches
557,537,Granit Xhaka,ch SUI,MF,Arsenal,28,1992,27,27,2327,25.9,1,2,3,1,0,0,10,1,0.04,0.08,0.12,0.04,0.12,Matches
558,538,Andriy Yarmolenko,ua UKR,MF,West Ham United,31,1989,19,1,316,3.5,1,0,1,1,0,0,1,0,0.28,0.00,0.28,0.28,0.28,Matches
559,539,Ashley Young,eng ENG,"DF,FW",Aston Villa,36,1985,24,10,1250,13.9,0,2,2,0,0,0,2,0,0.00,0.14,0.14,0.00,0.14,Matches
560,540,Nathan Young-Coombes,eng ENG,FW,Brentford,18,2003,1,0,4,0.0,0,0,0,0,0,0,0,0,0.00,0.00,0.00,0.00,0.00,Matches
561,541,Wilfried Zaha,ci CIV,"FW,MF",Crystal Palace,28,1992,33,31,2760,30.7,14,1,15,9,5,7,6,1,0.46,0.03,0.49,0.29,0.33,Matches
562,542,Christoph Zimmermann,de GER,DF,Norwich City,28,1993,3,2,157,1.7,0,0,0,0,0,0,0,0,0.00,0.00,0.00,0.00,0.00,Matches
563,543,Oleksandr Zinchenko,ua UKR,DF,Manchester City,24,1996,15,10,1047,11.6,0,4,4,0,0,0,0,0,0.00,0.34,0.34,0.00,0.34,Matches
564,544,Hakim Ziyech,ma MAR,"MF,FW",Chelsea,28,1993,23,14,1319,14.7,4,3,7,4,0,0,3,0,0.27,0.20,0.48,0.27,0.48,Matches
565,545,Kurt Zouma,fr FRA,DF,West Ham United,26,1994,24,24,2078,23.1,1,0,1,1,0,0,1,0,0.04,0.00,0.04,0.04,0.04,Matches
566,546,Martin Ødegaard,no NOR,MF,Arsenal,22,1998,36,32,2785,30.9,7,4,11,7,0,0,4,0,0.23,0.13,0.36,0.23,0.36,Matches
